StationID,Station_Name,Element_Code,Lat,Lon,Elev,YY,Jan,Feb,Mar,Apr,May,Jun,Jul,Aug,Sep,Oct,Nov,Dec
2737545,Oranjemund,5,-28.58,16.45,4,2023,0,4.3,0.5,0,4.2,13.9,5,0,3.8,0,1,0
2737545,Oranjemund,5,-28.58,16.45,4,2024,0,0,0,,,,,,,,,
2737557,Oranjemund AWS,5,-28.58,16.45,4,2022,0,,,0,,,,,3.6,1,,
3116933,Bondels RG,5,-28.09,18.69,967,2019,,,,,,,,,,3.2,0,10.2
3116933,Bondels RG,5,-28.09,18.69,967,2020,0.2,42.4,26.4,14.4,0,1.8,4.6,0.2,0.4,0,1.2,3.8
3116933,Bondels RG,5,-28.09,18.69,967,2021,86.8,13,10.4,0,0,0,0,1,0,17.2,0,13.8
3116933,Bondels RG,5,-28.09,18.69,967,2022,54,22,22,0,0,0,0,0,0.2,12.8,6.2,0
3116933,Bondels RG,5,-28.09,18.69,967,2023,4.2,0,0,0,0,0,2.4,0,1.4,,,
3124171,Warmbad,5,-28.45,18.73,,2019,,,,,,,,,,0.2,,
3124171,Warmbad,5,-28.45,18.73,,2020,,,0.2,,,,,,,,,
3124211,Karasburg ADC,5,-28.02,18.75,,2019,,,,,,,,,,0,0,0
3124211,Karasburg ADC,5,-28.02,18.75,,2020,0,95.7,31.2,21.5,,,,0,0,0,0.5,4.6
3124211,Karasburg ADC,5,-28.02,18.75,,2021,91.5,18.3,7.5,0,0,0,3.6,0.5,0,34,0,0
3124211,Karasburg ADC,5,-28.02,18.75,,2022,127.3,50.5,74.4,0,0.7,0,0,0,0,7.4,8.8,2.6
3124211,Karasburg ADC,5,-28.02,18.75,,2023,2.4,0,0.2,0,0,0,0,0,0,1.8,0,0
3124211,Karasburg ADC,5,-28.02,18.75,,2024,0.5,0,,,,,,,,,,
3145776,Ariamsvlei,5,-28.12,19.84,,2019,0,25,0,,,,,,,,,
3145776,Ariamsvlei,5,-28.12,19.84,,2021,88,29.1,37.7,0,0,0,0,0,0,35.6,0,137.5
3145776,Ariamsvlei,5,-28.12,19.84,,2022,71.5,50.5,35,18,0,0,0,0,0,0,5.5,20.1
3145776,Ariamsvlei,5,-28.12,19.84,,2023,6.5,0,25.5,1.4,0,0,0,0,0,0,0,61
3145776,Ariamsvlei,5,-28.12,19.84,,2024,22,0,,,,,,,,,,
3501519,Snyrivier N (Nimmerrust),5,-27.47,19.61,,2019,4.5,4.5,0,3,0,0,0,0,0,0,0,0
3501519,Snyrivier N (Nimmerrust),5,-27.47,19.61,,2020,35.5,22,27.1,18,0,0,0,0,0,0,0,43
3501519,Snyrivier N (Nimmerrust),5,-27.47,19.61,,2021,88.2,26.7,30.8,1.5,0,2.5,0,0,0,21.2,0,31.8
3501519,Snyrivier N (Nimmerrust),5,-27.47,19.61,,2022,13.5,57.7,67,20.5,3.5,58,0,0,0,12.5,9.2,37.5
3501519,Snyrivier N (Nimmerrust),5,-27.47,19.61,,2023,4.4,4.5,15,0,0,0,0,0,0,0,16,50.5
3501519,Snyrivier N (Nimmerrust),5,-27.47,19.61,,2024,2.5,0,,,,,,,,,,
3848520,Naos (Kharas),5,-27.21,18.97,,2019,0,30.8,,0,0,0,,,,,,
3848520,Naos (Kharas),5,-27.21,18.97,,2020,13.7,57.5,14,41.5,0,0,0,,0,0,0,55
3848520,Naos (Kharas),5,-27.21,18.97,,2021,44.2,55.5,,,0,4,0,,,26.5,0,0
3848520,Naos (Kharas),5,-27.21,18.97,,2022,130,80,44.1,18,3,3,0,0,0,23,6,0
3848520,Naos (Kharas),5,-27.21,18.97,,2023,15,36,9.5,1,1,2,2,0,0,0,0,16.5
3848520,Naos (Kharas),5,-27.21,18.97,,2024,13,40.5,64,,,,,,,,,
4163682,Doorns,5,-26,16,,2021,,,,,,0,0,,,,,
4187742,Naute RG,5,-26.93,17.94,730,2019,,,,,,,,,,3,0,5.8
4187742,Naute RG,5,-26.93,17.94,730,2020,4.8,,22.8,1,0,0,0,0,0,0,9,25
4187742,Naute RG,5,-26.93,17.94,730,2021,69,19.4,19.4,9,0,2.4,0,1.2,0,,,
4187742,Naute RG,5,-26.93,17.94,730,2022,,,,,,,,,,0,7.6,0
4187742,Naute RG,5,-26.93,17.94,730,2023,7.6,1.4,1.8,0.4,0.2,0,0,8.6,7.8,,,
4191542,Keetmanshoop Res RG,5,-26.58,18.12,1051,2019,,,,,,,,,,1.6,0,2.6
4191542,Keetmanshoop Res RG,5,-26.58,18.12,1051,2020,0.6,31.2,38.8,9.4,0,0,0,0,0,,1.6,24.4
4191542,Keetmanshoop Res RG,5,-26.58,18.12,1051,2021,101.6,11.4,23.2,1.4,0,3.8,0,1,0,,,
4191542,Keetmanshoop Res RG,5,-26.58,18.12,1051,2022,,,,,,,,,,1.4,0.6,18
4191542,Keetmanshoop Res RG,5,-26.58,18.12,1051,2023,9.6,14.8,0.8,4.4,0,0.2,0.8,0,0.6,,,
4191829,Keetmanshoopt_Manual,5,-26.54,18.11,,2019,0,32.8,0.6,0,0.8,0,0,0,,,,
4191829,Keetmanshoopt_Manual,5,-26.54,18.11,,2020,0,33.6,22.8,19.7,0,0,0,0,0,0,0,44.3
4191829,Keetmanshoopt_Manual,5,-26.54,18.11,,2021,133,18.8,18.2,0,0,0,0,0,0,0,0,6.5
4191829,Keetmanshoopt_Manual,5,-26.54,18.11,,2022,149.3,48.6,293,24,1.4,0,0,14.9,0,12.8,21,10.5
4191829,Keetmanshoopt_Manual,5,-26.54,18.11,,2023,4.2,19.8,0,2.8,0,0,0,,0,0,0,0
4191829,Keetmanshoopt_Manual,5,-26.54,18.11,,2024,13.4,14.4,25,,,,,,,,,
0419182W,Keetmanshoop Airport AWS,5,-26.53,18.12,1066,2022,,,,,1.4,0,0,0,,,,
4194171,Verschluss,5,-26.96,18.24,,2024,,2.6,,,,,,,,,,
0422227A,Aroab ADC,5,-26.8,19.65,963,2020,4.5,48.4,13,12.8,0,0,0,0,0,0,0,75.3
0422227A,Aroab ADC,5,-26.8,19.65,963,2021,43.5,39.9,43.7,1.5,0,4,0,0,0,20.5,0,
0422227A,Aroab ADC,5,-26.8,19.65,963,2022,77.6,7.2,73.6,22.5,0,0,0,0,0,0,2.4,56.5
0422227A,Aroab ADC,5,-26.8,19.65,963,2023,,32,14.7,,,,,,0,0,0,31.5
0422227A,Aroab ADC,5,-26.8,19.65,963,2024,5.3,,,,,,,,,,,
0422538X,Louwsvley,5,-26.97,19.8,,2020,,,,,,0,0,0,0,0,0,37
0422538X,Louwsvley,5,-26.97,19.8,,2021,54,22,57,0,0,0,0,0,0,32,0,19.5
0422538X,Louwsvley,5,-26.97,19.8,,2022,54,76,40,27,0,50,0,16,,,,
4542700,Bethanien (closed),5,-26.5,17.15,,2020,1.7,17.8,46,20.3,,,,,,,0.5,10.8
4542700,Bethanien (closed),5,-26.5,17.15,,2021,88.4,,,,,,,,,,,
0454270A,Bethanien ADC,5,-26.5,17.15,1004,2020,1.7,17.8,46,20.3,0,0,0,0,0,0,0.5,10.8
0454270A,Bethanien ADC,5,-26.5,17.15,1004,2021,88.4,59.5,14.8,0,0,0,0,0,0,0,0,0
0454270A,Bethanien ADC,5,-26.5,17.15,1004,2022,58.4,195.5,30.3,0,0,0,0,0,0,11,4.7,0
0454270A,Bethanien ADC,5,-26.5,17.15,1004,2023,0.2,4.9,0,4,0,0,0,0,0,0,0,0
0454270A,Bethanien ADC,5,-26.5,17.15,1004,2024,11.3,20,,,,,,,,,,
0489336X,Haremub,5,-25.6,16.35,,2019,,1.5,0,3,0,0,0,0,0,2.5,0,
0489336X,Haremub,5,-25.6,16.35,,2020,24,24.5,,,,,,,,,,
0489336X,Haremub,5,-25.6,16.35,,2021,,,9.5,0,,0,0,0,0,0,0,0
4897930,Aubures 22 (closed),5,-25.72,16.45,,2023,,,,,,,,,0,3.1,1.4,
4901328,Aruab,5,-25.72,16.55,1610,2019,0,1.8,0.5,0,,,,,,0,0,23
4901328,Aruab,5,-25.72,16.55,1610,2020,0.2,81.3,10.6,65.3,,,,0,0,0.1,0,10.9
4901328,Aruab,5,-25.72,16.55,1610,2021,125.3,9.9,23.5,9.4,0,0.4,0,2.6,0,0,0,0
4901328,Aruab,5,-25.72,16.55,1610,2022,99,61.7,79.7,0,0,8,0.3,0.2,0,0,16.9,0.1
4901328,Aruab,5,-25.72,16.55,1610,2023,11.8,10,0,15.9,0,14.5,0,0,0,2.1,0.1,3.6
4901328,Aruab,5,-25.72,16.55,1610,2024,1,47.6,14,,,,,,,,,
0492509A,Berseba ADC,5,-26,17.77,946,2020,3.5,45,5,3.5,0,0,0,0,0,1,9.5,40.3
0492509A,Berseba ADC,5,-26,17.77,946,2021,134.4,8,15,0,,,,,,,,
4932337,Tses (closed),5,-25.88,18.13,,2020,26,14,23,18.5,,,,0,0,0,13,45
0493233A,Tses ADC,5,-25.88,18.12,972,2020,26,14,3,18.5,0,0,0,0,0,0,13,45
0493233A,Tses ADC,5,-25.88,18.12,972,2021,80.4,27,30.5,0,1.5,1,0,0,0,8.1,0,6.1
0493233A,Tses ADC,5,-25.88,18.12,972,2022,65.5,88.5,21.2,3,3,0,0,11,0,6,2,0
0493233A,Tses ADC,5,-25.88,18.12,972,2023,16,45,0.8,13.7,0,0,0,0,0,0,1.6,0
0493233A,Tses ADC,5,-25.88,18.12,972,2024,6.8,8,23,,,,,,,,,
4952679,Koes,5,-25.94,19.12,,2019,0,44,0,,,,,,,,,
4952679,Koes,5,-25.94,19.12,,2020,109.5,70,5,23,,,,,,,,
4952679,Koes,5,-25.94,19.12,,2021,,8,15,23,0,0,0,0,0,65,0,4
0529450A,Gibeon ADC,5,-25.13,17.78,1049,2020,6.5,83.7,11.3,15,0,0,0,0,0,1,0,17.6
0529450A,Gibeon ADC,5,-25.13,17.78,1049,2021,150.9,36,34.5,0,0,0,0,,0,0,0,0
0529450A,Gibeon ADC,5,-25.13,17.78,1049,2022,93.5,105.8,70.5,0,0,0,0,0,0,9,1.3,10.4
0529450A,Gibeon ADC,5,-25.13,17.78,1049,2023,33.7,43.9,0,12.5,0,0,0,,0,0,6.5,0
0529450A,Gibeon ADC,5,-25.13,17.78,1049,2024,18.3,2.8,0,,,,,,,,,
5321732,Eindpaal,5,-25.38,19.1,,2020,1.9,47,27,3,0,0,0,0,,,,
5321732,Eindpaal,5,-25.38,19.1,,2021,13.1,21,2.2,11,0,,,,,26,0,0
5321732,Eindpaal,5,-25.38,19.1,,2022,127,132.5,,19,,,,,,,47.5,20
5321732,Eindpaal,5,-25.38,19.1,,2023,15.5,,,,,,,,,,,
0566860A,Maltahohe ADC,5,-24.85,16.98,1347,2021,138.5,38.5,0,0,0,0,0,0,0,0,0,0
0566860A,Maltahohe ADC,5,-24.85,16.98,1347,2022,120.5,94.4,24,0,0,0,0,0,0,2.5,9,0
0566860A,Maltahohe ADC,5,-24.85,16.98,1347,2023,18.5,7.5,0,16.5,,,,,0,0,,
0566860X,Maltahohe (closed),5,-24.83,16.98,,2019,0,21.8,0,0,,,,,,,,
0568810A,Mariental ADC,5,-24.62,17.97,1108,2021,188,37.4,62.5,0,0,0,0,0,0,9,0,0
0568810A,Mariental ADC,5,-24.62,17.97,1108,2022,156.5,102,61,0,0,0,0,0,0,3,18.5,30.8
0568810A,Mariental ADC,5,-24.62,17.97,1108,2023,26.5,28.5,0,0,4,0,0,0,0,0,26.5,
0568810A,Mariental ADC,5,-24.62,17.97,1108,2024,14,14,14,,,,,,,,,
0570530A,Gochas ADC,5,-24.86,18.81,1132,2021,144.5,52.5,2,0,0,0,0,0,0,13.5,0,23
0570530A,Gochas ADC,5,-24.86,18.81,1132,2022,45.5,167.7,36.3,24.5,0,0,0,0,0,36.8,27.7,18.7
0570530A,Gochas ADC,5,-24.86,18.81,1132,2023,41.7,24,3.5,12.8,0,0,0,0,0,0,6.5,0
0570530A,Gochas ADC,5,-24.86,18.81,1132,2024,2,20,17.9,,,,,,,,,
5705316,Gochas (closed),5,-24.85,18.8,,2020,26,40,0,,,,,0,0,0,0,0
5705316,Gochas (closed),5,-24.85,18.8,,2021,144.5,,,,,,,,,,,
6100111,Draaihoek RG,5,-24.19,17.03,1284,2019,,,,,,,,,,1.8,1.8,18.8
6100111,Draaihoek RG,5,-24.19,17.03,1284,2020,13.6,76.6,25,38,0.4,0,0,0,0.6,1,0,85.4
6100111,Draaihoek RG,5,-24.19,17.03,1284,2021,104,85.4,9.2,10.2,0.6,0.2,0,0.4,0,,,
6100111,Draaihoek RG,5,-24.19,17.03,1284,2022,,,,,,,,,,1.2,24.8,1.4
6100111,Draaihoek RG,5,-24.19,17.03,1284,2023,68,28,0,6.8,3,1.2,4,0,0.4,,,
0610030F,Sandhof,5,-24.58,17.03,,2022,,153,,,,,,,,,,
6101063,Dirichas RG,5,-24.27,17.07,1273,2019,,,,,,,,,,5.4,0.8,9
6101063,Dirichas RG,5,-24.27,17.07,1273,2020,22.2,44.8,14.8,27,0,0,0,0,0.6,0,0.2,51.6
6101063,Dirichas RG,5,-24.27,17.07,1273,2021,172.4,66.4,6.8,2,0.2,0.8,0,0,0,,,
6101063,Dirichas RG,5,-24.27,17.07,1273,2022,,,,,,,,,,10.4,17,0.8
6101063,Dirichas RG,5,-24.27,17.07,1273,2023,0.2,0.6,0,8,2,1,2.8,0.2,0.8,,,
6101521,Schlip Bridge RG,5,-24.04,17.12,1340,2019,,,,,,,,,,0,0.2,18.8
6101521,Schlip Bridge RG,5,-24.04,17.12,1340,2020,7.2,67.4,10.6,7.2,0,0,0,0,2,0,0,22.4
6101521,Schlip Bridge RG,5,-24.04,17.12,1340,2021,90.4,44.4,6,5.8,0.2,0,0,0,0,,,
6101521,Schlip Bridge RG,5,-24.04,17.12,1340,2022,,,,,,,,,,0.8,4.2,1
6101521,Schlip Bridge RG,5,-24.04,17.12,1340,2023,21.8,2.6,0.4,5.6,0.2,0,0,3.2,0.2,,,
6103102,Gras RG,5,-24.18,17.36,1227,2019,,,,,,,,,,0.4,0,29
6103102,Gras RG,5,-24.18,17.36,1227,2020,15.2,65,22.6,6.4,4.4,0,0,0,0.8,0,0,53.2
6103102,Gras RG,5,-24.18,17.36,1227,2021,118.8,33,5.4,1.2,0.2,0,0,0,0,,,
6103102,Gras RG,5,-24.18,17.36,1227,2022,,,,,,,,,,6.8,0,0
6103102,Gras RG,5,-24.18,17.36,1227,2023,0,0.6,0,19.4,3.4,0,0,0.2,0,,,
6106921,Omamas RG,5,-24.05,17.4,1250,2019,,,,,,,,,,3.4,0,12.2
6106921,Omamas RG,5,-24.05,17.4,1250,2020,13.6,75.8,3.2,4.6,0,0,0,0,1.2,0,0.6,15.4
6106921,Omamas RG,5,-24.05,17.4,1250,2021,108.4,29.4,4,5.4,1,0,0,0,0,,,
6106921,Omamas RG,5,-24.05,17.4,1250,2022,,,,,,,,,,7.2,13.2,7.6
6106921,Omamas RG,5,-24.05,17.4,1250,2023,26.8,6.6,1.4,14.4,6.4,0,0,2,0,,,
6108531,Kub Bridge RG,5,-24.23,17.49,1207,2019,,,,,,,,,,0.8,0,17
6108531,Kub Bridge RG,5,-24.23,17.49,1207,2020,,15.2,18.4,6.4,0,0,0,0,2,0,0.8,40.8
6108531,Kub Bridge RG,5,-24.23,17.49,1207,2021,112.8,28,10.6,11.4,0,0,0,0,0,,,
6108531,Kub Bridge RG,5,-24.23,17.49,1207,2022,,,,,,,,,,6.6,8.2,7.8
6108531,Kub Bridge RG,5,-24.23,17.49,1207,2023,30.2,5.4,1.2,30.6,1.6,0,0,2.6,0,,,
6108843,Kub-Suid,5,-24.23,17.5,,2019,0,21,3,5,0,0,0,0,0,0,0,35
6108843,Kub-Suid,5,-24.23,17.5,,2020,90.5,40,14,9,0,0,0,0,0,0,0,11
6108843,Kub-Suid,5,-24.23,17.5,,2021,127,29,2,2.6,0,0,0,0,0,1,0,7
6108843,Kub-Suid,5,-24.23,17.5,,2022,,,,,,,,,,,,2
6108888,Hardap RG,5,-24.52,17.85,1146,2019,,,,,,,,,,0,0.4,29.6
6108888,Hardap RG,5,-24.52,17.85,1146,2020,14.8,45.2,2,7.2,0,0,0,0,1.6,1,2.8,29
6108888,Hardap RG,5,-24.52,17.85,1146,2021,119,92.2,54.2,3.4,1.4,0.6,0,0.8,0,,,
6108888,Hardap RG,5,-24.52,17.85,1146,2022,,,,,,,,,,7,10.4,6.4
6108888,Hardap RG,5,-24.52,17.85,1146,2023,23.2,,,,,,0.2,0.6,0.2,,,
6114113,Karris RG,5,-24.36,17.57,1194,2019,,,,,,,,,,5.4,,61
6114113,Karris RG,5,-24.36,17.57,1194,2020,9.8,42.8,17.2,25.4,0,0,2,0,2.8,0,0,61.1
6114113,Karris RG,5,-24.36,17.57,1194,2021,140.8,38.4,26.2,6.6,2.4,4,0.2,0.2,1,,,
6114113,Karris RG,5,-24.36,17.57,1194,2022,,,,,,,,,,17.8,12.4,15.4
6114113,Karris RG,5,-24.36,17.57,1194,2023,55,6.8,0.2,22.6,4.2,0.4,0,0,0,,,
0614180A,Aranos ADC,5,-24.14,19.12,1160,2021,280,82,32,32,0,0,0,0,0,7.1,0,6.9
0614180A,Aranos ADC,5,-24.14,19.12,1160,2022,107.4,126.9,75.9,22.5,0,4,0,1.1,0,0,13,28
0614180A,Aranos ADC,5,-24.14,19.12,1160,2023,20.1,25.5,12.8,36.6,0,0,0,,0,0,,
0648436A,Utuseb ADC,5,-23.28,14.76,208,2021,,,,,,,0,0,,,,
6535215,Oanob RG,5,-23.33,17.06,1454,2019,,,,,,,,,,2,0,20.2
6535215,Oanob RG,5,-23.33,17.06,1454,2020,7.6,93.8,26.6,1,0,0,0,0,9,,,
6548023,Bitterwasser,5,-23.87,17.95,,2022,2.9,38.6,4.4,0,5.4,0,0,0,0,0,0,0
6548422,Rheinpfalz (Khomas),5,-23.53,17.99,,2019,5,17.5,1.5,6,0,0,,,,,,16.5
6548422,Rheinpfalz (Khomas),5,-23.53,17.99,,2020,6,55,14,,,,,,,,,
6548422,Rheinpfalz (Khomas),5,-23.53,17.99,,2021,,,,,0,0,0,0,,,,
0655460A,Hoachanas ADC,5,-23.92,18.05,1262,2020,48,76.7,31,20,0,0,0,0,8,12,0,57
0655460A,Hoachanas ADC,5,-23.92,18.05,1262,2021,228,29,73,0,0,0,0,0,0,0,0,0
0655460A,Hoachanas ADC,5,-23.92,18.05,1262,2022,84,153,23.7,0,0,0,0,0,0,0,0,53
0655460A,Hoachanas ADC,5,-23.92,18.05,1262,2023,83,0,3,11,2,0,0,0,0,0,2,3
0655460A,Hoachanas ADC,5,-23.92,18.05,1262,2024,34,40,,,,,,,,,,
6554619,Gomnab,5,-23.68,18.27,,2019,2.8,3.6,6.4,26.6,0.2,0,0,0.1,,,,36.4
6554619,Gomnab,5,-23.68,18.27,,2020,16.5,,,,,,,,,,0.4,16
6554619,Gomnab,5,-23.68,18.27,,2021,165.9,101.4,113,4.1,0,0,0,0,0,0,0.1,18.1
6554619,Gomnab,5,-23.68,18.27,,2022,248.6,102.1,28.2,,,,,,,,,
6555037,Gomchanas Ost,5,-23.9,18.28,1256,2020,29.7,119.6,28.2,11.6,0,0,0,0,7.3,0.6,4.8,34.7
6555037,Gomchanas Ost,5,-23.9,18.28,1256,2021,209.1,29.2,,,,,,,,5.3,0,10.6
6555037,Gomchanas Ost,5,-23.9,18.28,1256,2022,157.9,105.7,33.4,9.2,0,0.1,0.1,0,0.1,16.5,20.9,15.5
6555037,Gomchanas Ost,5,-23.9,18.28,1256,2023,17.6,43.8,2.9,44.2,0,0,0,0.5,1.1,4.2,4.2,21.7
6555037,Gomchanas Ost,5,-23.9,18.28,1256,2024,43.2,48,17.4,,,,,,,,,
6556700,Olifantwater,5,-23.67,18.39,,2019,13.6,24.6,1,41.2,0.4,,0,0,0,,,21.7
6556700,Olifantwater,5,-23.67,18.39,,2020,25,118.9,49.6,1.6,0,0,0,0,4.7,3.9,0.9,29.2
6556700,Olifantwater,5,-23.67,18.39,,2021,212,97.4,92.1,23.4,0.2,,,,,,,
6556700,Olifantwater,5,-23.67,18.39,,2022,204.5,71.4,54.7,2.5,0,0,0,0.2,0.1,4.6,30.3,14.3
6556700,Olifantwater,5,-23.67,18.39,,2023,32,23.4,7.2,20.9,0.6,0,0,4.3,0,0,20.8,4.9
6556700,Olifantwater,5,-23.67,18.39,,2024,24.1,19.9,21,,,,,,,,,
6560286,Strate,5,-23.97,18.52,,2020,,,,,,0,0,0.1,,,,
0658690A,Coridor13 ADC,5,-23.5,19.89,1277,2021,,83.6,57.1,0,0,0,0,0,0,16.1,0,51.1
0658690A,Coridor13 ADC,5,-23.5,19.89,1277,2022,72.8,92.5,60,18,0,0,0,0,0,6.9,39,90
0658690A,Coridor13 ADC,5,-23.5,19.89,1277,2023,60.6,9.5,20.8,12.3,1.5,0,0,,0,0,14.5,71
0658690A,Coridor13 ADC,5,-23.5,19.89,1277,2024,95.5,43,73,,,,,,,,,
0696527S,Claratal AWS,5,-22.79,16.81,1950,2023,,,,,,,,,0.2,,,
6968192,Maltahohe AWS,5,-24.84,16.98,1354,2022,120.5,,,,,,,,,,,
0697130A,Rehoboth ADC,5,-23.32,17.09,1377,2021,194.5,46,37.5,6,0,0,0,0,0,0,0,0
0697130A,Rehoboth ADC,5,-23.32,17.09,1377,2022,157,97.1,31.5,0,0,0,0,0,0,26,2,6
0697130A,Rehoboth ADC,5,-23.32,17.09,1377,2023,114.6,31.5,0,0,0,0,0,0,0,0,27.2,0
0697130A,Rehoboth ADC,5,-23.32,17.09,1377,2024,19.3,40.5,65,,,,,,,,,
6971390,Rehoboth (closed2),5,-23.32,17.08,,2020,1.4,,,,,,,,,,,
6990522,Dornenpfanne,5,-23.37,18.03,,2023,69.5,209.5,102.9,49,11,0,0,0,0,0,0,0
0699697F,Niedeck 38,5,-23.12,18.4,,2021,18.5,87.4,26.7,19.5,36.5,0,0,0,0,0,0,0
7010247,Monica,5,-23.4,19.02,,2019,15,34,,,,,,,,,,
7010247,Monica,5,-23.4,19.02,,2020,,34,,,,,,,,,,
0735269X,Walvis Bay_Manual,5,-22.98,14.65,91,2019,0,0,0,,,,,,,,,
0735269X,Walvis Bay_Manual,5,-22.98,14.65,91,2020,0,0,,,,,,,,,,
0735269X,Walvis Bay_Manual,5,-22.98,14.65,91,2021,7.1,0,0,1,0,0,0,0,0,0.4,0,0
0735269X,Walvis Bay_Manual,5,-22.98,14.65,91,2022,9.4,0.2,0,0.2,0,0,0,0,0,0.2,0.8,0
0735269X,Walvis Bay_Manual,5,-22.98,14.65,91,2023,2.9,0.2,0,0,0,0,0,0,0,0,0,0
0735269X,Walvis Bay_Manual,5,-22.98,14.65,91,2024,0,0.6,0,,,,,,,,,
0738201A,Otjimbingwe ADC,5,-22.36,16.13,922,2021,57.8,38.5,15,0,0,0,0,0,0,0,6.5,
0738201A,Otjimbingwe ADC,5,-22.36,16.13,922,2022,48.6,160.6,33,0,0,0,0,0,0,0,5.5,10
0738201A,Otjimbingwe ADC,5,-22.36,16.13,922,2023,18.3,4.2,0,0,0,0,0,0,0,0,16.3,0
0738201A,Otjimbingwe ADC,5,-22.36,16.13,922,2024,,38,,,,,,,,,,
7386478,Terra Rossa,5,-22.78,16.37,,2020,9.5,120,81.5,,0,0,0,0,9,5.5,0,49
7386478,Terra Rossa,5,-22.78,16.37,,2021,232.5,53,,,,,,,,,,
7386478,Terra Rossa,5,-22.78,16.37,,2022,,,,0,0,,,,,,,
7386478,Terra Rossa,5,-22.78,16.37,,2023,,,,34,,,,,,,,
7387899,Aandrus,5,-22.65,16.45,,2019,,,2.5,6,,,,,,12.5,,13.5
7387899,Aandrus,5,-22.65,16.45,,2020,13.5,139.5,35.5,13,0,0,0,0,4.5,0,5,16.9
7387899,Aandrus,5,-22.65,16.45,,2021,223.5,,0,0,0,0,0,0,0,0,0,3
7387899,Aandrus,5,-22.65,16.45,,2022,83.5,,,0,0,0,0,0,0,8,,
7387899,Aandrus,5,-22.65,16.45,,2023,150,,,,0.8,0,0,0,0,0,,
7394841,Hochfels second,5,-22.57,16.78,,2019,0,14.9,44,4.9,,,,,,,,
7394841,Hochfels second,5,-22.57,16.78,,2021,,,,0.3,0.7,,,,,,,
7394841,Hochfels second,5,-22.57,16.78,,2022,16.1,35.4,4.9,0,0,0,0,0,0,1.7,2.5,2.5
7394841,Hochfels second,5,-22.57,16.78,,2023,26.9,16.8,0,3.8,0.8,0,0,0,,,,
7395887,Claratal,5,-22.8,16.83,,2019,,,63.1,,,0,0,0,0,10.5,1.1,53.1
7395887,Claratal,5,-22.8,16.83,,2020,23.5,172.9,90.2,,,,0,0,6.1,1.3,7.6,
7395887,Claratal,5,-22.8,16.83,,2021,,,,,,,,,,1.2,2.5,
7397544,Osona Village,5,-22.08,16.94,1320,2020,,,,,,,,,,,,61
7397544,Osona Village,5,-22.08,16.94,1320,2021,233.9,124,62.2,5.4,3.8,0,0,0,0,2.4,3.2,29.5
7397544,Osona Village,5,-22.08,16.94,1320,2022,116.4,,,0,0,0,0,0,0,15.9,0,33.1
7397544,Osona Village,5,-22.08,16.94,1320,2023,131.8,,,,,,,,,,,
7400489,Aigams RG,5,-22.53,17.08,1635,2019,,,,,,,,,,0,4,50.8
7400489,Aigams RG,5,-22.53,17.08,1635,2020,11.2,143.6,36.2,44.6,1,0,0,0,4.6,,,
7400489,Aigams RG,5,-22.53,17.08,1635,2022,,,,,,,,,,24.2,0,121.2
7400489,Aigams RG,5,-22.53,17.08,1635,2023,82.2,49.6,9.6,61.8,14.4,0,0,0,0,0.6,,
7400951,Aschenborn 2 PPark,5,-22.58,17.07,,2021,251.1,48.5,,,,,,,,,,
0740097A,Eros_Manual,5,-22.61,17.08,,2019,1.2,7.4,26.6,15.2,3.4,0,0,0,0,18.4,2.4,71.4
0740097A,Eros_Manual,5,-22.61,17.08,,2020,12.4,136.4,43,,0,0,0,0,0,1.6,1.8,44.7
0740097A,Eros_Manual,5,-22.61,17.08,,2021,274,7.6,0,0,0,0,0,0,0,0,0,9.4
0740097A,Eros_Manual,5,-22.61,17.08,,2022,26.2,,,3.3,0,0,0,0,0,5.1,16.8,84.9
0740097A,Eros_Manual,5,-22.61,17.08,,2023,97,71.4,4.6,47.8,16.8,0,0,,0,0,0,21
0740097A,Eros_Manual,5,-22.61,17.08,,2024,34.4,18,,,,,,,,,,
074009A6,Pioniers Park,5,-22.6,17.07,,2019,33.6,15.4,57,30.6,5,0,0,0,0,18.4,4.6,166.4
074009A6,Pioniers Park,5,-22.6,17.07,,2020,22.2,305.6,114.6,33.3,1.7,0,0,0,5,16.8,6,116.4
074009A6,Pioniers Park,5,-22.6,17.07,,2021,44.2,244.5,82,28.8,12.5,0,0,0,0,14.7,18.8,10.3
074009A6,Pioniers Park,5,-22.6,17.07,,2022,109.6,165.5,35.3,1.6,0,0,0,0,0,22,15.4,97.6
074009A6,Pioniers Park,5,-22.6,17.07,,2023,119.9,90.6,8.1,58.6,19.9,0,0,0,0,2,28.1,11.9
074009A6,Pioniers Park,5,-22.6,17.07,,2024,53.5,100.1,42,,,,,,,,,
0740154W,Windhoek AWS,5,-22.57,17.09,1721,2021,267.6,,,,,,,,,,,
0740154X,Windhoek_Manual,5,-22.57,17.09,1721,2019,4.2,7.6,22.7,4.4,2.2,0,0.6,0,0,0.2,9.2,59.2
0740154X,Windhoek_Manual,5,-22.57,17.09,1721,2020,18,104.1,46,62,0,0,0,0,4,0.5,0.4,64.2
0740154X,Windhoek_Manual,5,-22.57,17.09,1721,2021,267.6,56.4,73.8,65.2,14.2,0,0,0,0,16,7.7,16.6
0740154X,Windhoek_Manual,5,-22.57,17.09,1721,2022,122.9,148.6,62.6,1,0,0,0,0,0,59.6,14.6,163.3
0740154X,Windhoek_Manual,5,-22.57,17.09,1721,2023,81.7,50.1,1.3,59.1,14.3,0,0,0,0,0.4,23.6,32.2
0740154X,Windhoek_Manual,5,-22.57,17.09,1721,2024,32.8,116.3,90,,,,,,,,,
7401850,Klein Windhoek Mission,5,-22.58,17.12,,2022,,97.5,68.5,0,0,0,0,0,0,38,0.7,136
7406778,Binsenheim,5,-22.78,17.38,,2019,10.5,26,26.5,20,1.5,0,0,0,0,0,0,50.5
7406778,Binsenheim,5,-22.78,17.38,,2020,16.5,120.5,75,11,0,0,0,0,1,0,16,73
7406778,Binsenheim,5,-22.78,17.38,,2021,277.5,74,73,30,0,0,0,0,0,0,20,15
7406778,Binsenheim,5,-22.78,17.38,,2022,176.5,150,81,1,0,0,0,0,0,14,24.5,29.5
7406778,Binsenheim,5,-22.78,17.38,,2023,44,69,25.5,34.5,10.5,0,0,0,0,0,37.5,27.5
7406778,Binsenheim,5,-22.78,17.38,,2024,34.5,57.5,29.5,,,,,,,,,
7414991,Bitterwater,5,-22.83,17.78,,2019,7,27,8,21,0,0,0,0,,,,
7414991,Bitterwater,5,-22.83,17.78,,2020,65,78,65,31,0,0,0,0,0,5,13,80
7414991,Bitterwater,5,-22.83,17.78,,2021,277,57,67,3,0,0,0,0,0,0,2,16
7414991,Bitterwater,5,-22.83,17.78,,2022,205,127,100,,0,0,0,0,0,12,2,12
7414991,Bitterwater,5,-22.83,17.78,,2023,113,,11.4,20.8,0.7,,,,,,,
0743806A,Gobabis ADC,5,-22.45,18.96,1443,2021,403,110.6,83.5,0,0,0,0,0,0,0,6,56.8
0743806A,Gobabis ADC,5,-22.45,18.96,1443,2022,120.6,,,,,,,,,,,
7444197,Rosendal,5,-22.98,19.23,,2020,,,,,0,0,0,0,0,0,,
0781351A,Spitzkoppe ADC,5,-21.85,15.21,1044,2020,,,,,,,,,,0,0,0
0781351A,Spitzkoppe ADC,5,-21.85,15.21,1044,2021,10,21,0,0,6.5,0,0,0,0,0,0,
0781351A,Spitzkoppe ADC,5,-21.85,15.21,1044,2022,0,166.9,14.2,0,0,0,0,0,0,0,14.5,
0781351A,Spitzkoppe ADC,5,-21.85,15.21,1044,2023,20.7,10.8,0,0,0,0,0,0,0,0,0,0
0781785A,Tubusis ADC,5,-21.58,15.45,1164,2021,31.5,80,17,5,4,0,0,0,0,0,0,
0781785A,Tubusis ADC,5,-21.58,15.45,1164,2022,18.6,110.5,0,0,0,0,0,0,0,0,19.5,0
0781785A,Tubusis ADC,5,-21.58,15.45,1164,2023,30,2.5,0,0,0,0,0,0,0,0,44,0
0781785A,Tubusis ADC,5,-21.58,15.45,1164,2024,,22,,,,,,,,,,
7827049,Westfalenhof,5,-22.26,16.42,,2019,0,4.7,28.5,0,0,0,0,0,0,5,0,22.4
7827049,Westfalenhof,5,-22.26,16.42,,2020,17.8,102.2,,23,0,0,0,0,0,3.5,3,54.1
7827049,Westfalenhof,5,-22.26,16.42,,2021,160.8,46.6,21.5,1.3,7,0,0,0,0,0,0,4
7827049,Westfalenhof,5,-22.26,16.42,,2022,63.9,63.2,23,0,0,0,0,0,0,25,5,34
7827049,Westfalenhof,5,-22.26,16.42,,2023,110.3,50.5,0.6,16,12.3,0,0,0,1.4,0,20.9,1.2
7827049,Westfalenhof,5,-22.26,16.42,,2024,63.1,88.1,25.1,,,,,,,,,
7833122,Swakop Poort RG,5,-22.21,16.53,1169,2019,,,,,,,,,,7.6,1.4,45.4
7833122,Swakop Poort RG,5,-22.21,16.53,1169,2020,48,146.6,60.2,10,0,0,0,0,1.2,0,3.6,20.8
7833122,Swakop Poort RG,5,-22.21,16.53,1169,2021,179.2,54.6,36,0,8.4,0,0,0,0,,,
7833122,Swakop Poort RG,5,-22.21,16.53,1169,2022,,,,,,,,,,10.6,5.2,21.4
7833122,Swakop Poort RG,5,-22.21,16.53,1169,2023,8.6,10.4,3.6,21.6,2.6,0,0,0,0,,,
7837686,Otjiseva,5,-22.3,16.93,,2019,21.9,19.2,87.9,5,0,0,0,0,0,7,7.7,40.8
7837686,Otjiseva,5,-22.3,16.93,,2020,75.5,258.4,58.9,9,0,0,0,0,3,1.9,,
7837686,Otjiseva,5,-22.3,16.93,,2021,,,,,,,,,0,5.8,0.3,10.7
7837686,Otjiseva,5,-22.3,16.93,,2022,112.8,135.1,31.5,3,0,0,0,0,0,27.5,8.5,46.9
7837686,Otjiseva,5,-22.3,16.93,,2023,112.6,90.5,12.5,19.8,4.8,0,0,0,,,,
0784120X,Von Bach RG,5,-22.02,16.96,1356,2019,,,,,,,,,,1.8,1.2,43.2
0784120X,Von Bach RG,5,-22.02,16.96,1356,2020,68.8,134.4,35.6,13,0.2,0,0,0,1.8,4.2,0.6,65.2
0784120X,Von Bach RG,5,-22.02,16.96,1356,2021,253,51.4,76.6,0,2.6,0,0,0,0,,,
0784120X,Von Bach RG,5,-22.02,16.96,1356,2022,,,,,,,,,,46.2,36.6,33
0784120X,Von Bach RG,5,-22.02,16.96,1356,2023,113.4,58.2,6,25,17.6,0,0,0,6.6,,,
7842735,Okasuvandjtuo RG,5,-22.07,17.18,1631,2019,,,,,,,,,,5,11.4,52.4
7842735,Okasuvandjtuo RG,5,-22.07,17.18,1631,2020,64.2,265.2,49,3.8,0.4,0.2,0,0,1,,,
7842735,Okasuvandjtuo RG,5,-22.07,17.18,1631,2022,,,,,,,,,,26.6,0,4.2
7842735,Okasuvandjtuo RG,5,-22.07,17.18,1631,2023,7.2,26.2,15.4,34.4,6.8,0,0,0,0.8,0.2,,
7843912,Booster 1 RG,5,-22.26,17.02,1425,2019,,,,,,,,,,11,20.4,26.8
7843912,Booster 1 RG,5,-22.26,17.02,1425,2020,42.6,225.8,39.2,15,0,0,0,0,0,,,
7843912,Booster 1 RG,5,-22.26,17.02,1425,2022,,,,,,,,,,33.6,14.8,74
7843912,Booster 1 RG,5,-22.26,17.02,1425,2023,115,102.8,18.2,39.6,4.4,0,0,0.8,1.8,,,
7844483,Bergvlug,5,-22.46,17.24,,2019,,,,9.2,4.3,,,,,,2.2,
7844483,Bergvlug,5,-22.46,17.24,,2020,2.6,102.8,100.5,,7.5,,,,,,7.1,63
7844483,Bergvlug,5,-22.46,17.24,,2021,308.5,77.5,64.9,15.4,,,,,,,,
7845921,Okarumuti RG,5,-22.38,17.34,1812,2019,,,,,,,,,,8.6,8.6,57.8
7845921,Okarumuti RG,5,-22.38,17.34,1812,2020,74.6,199.4,33.2,2.8,0,0.2,0.2,0,0.6,,,
7845921,Okarumuti RG,5,-22.38,17.34,1812,2022,,,,,,,,,,0.6,0,26
7845921,Okarumuti RG,5,-22.38,17.34,1812,2023,25.2,28.4,0.2,6.6,2.2,0,0,0,0.8,,,
7846782,Otjituezu RG,5,-22.31,17.38,1748,2020,,,,,,,,0,1,,,
7846782,Otjituezu RG,5,-22.31,17.38,1748,2022,,,,,,,,,,43.6,7.6,41.8
7846782,Otjituezu RG,5,-22.31,17.38,1748,2023,90,58.8,7,18.2,10.8,0,0,0,0.2,,,
0784718A,Okahandja ADC,5,-21.98,16.92,1342,2021,137.1,68,59.3,0,0,0,0,,0,0,0,
0784718A,Okahandja ADC,5,-21.98,16.92,1342,2022,88.8,,,,,,,,,,,161
0784718A,Okahandja ADC,5,-21.98,16.92,1342,2023,114.9,,,,,,,,,,,
7847209,Sonleitten,5,-22.5,17.4,,2019,10.5,9,24.5,9,13,,,,,,,9
7847209,Sonleitten,5,-22.5,17.4,,2020,0.8,153.5,67.5,22,0,0,0,,,8.2,1,
7847209,Sonleitten,5,-22.5,17.4,,2021,255,21,60.5,16,1.5,0,0,0,0,3,0,1
7847209,Sonleitten,5,-22.5,17.4,,2022,148,223,35,0,0,0,0,0,0,14,5,30
7847209,Sonleitten,5,-22.5,17.4,,2023,109,4,0.6,26,0.2,0,0,0,0,0,3.5,
7848290,Uitkyk RG,5,-21.82,17.48,1646,2019,,,,,,,,,,4.6,5.4,112.8
7848290,Uitkyk RG,5,-21.82,17.48,1646,2020,55.4,140,116,9,0,0,0.2,0,0.4,,,
7848290,Uitkyk RG,5,-21.82,17.48,1646,2022,,,,,,,,,,18.8,2.8,54.6
7848290,Uitkyk RG,5,-21.82,17.48,1646,2023,137.4,81.2,11.4,14.4,5.6,0,0,0,2.4,2.4,,
7850431,Okuje RG,5,-22.23,17.54,1731,2019,,,,,,,,,,17,9,19.2
7850431,Okuje RG,5,-22.23,17.54,1731,2020,11.8,116.4,72.2,7,1.8,0,0,0,0.2,,,
7850431,Okuje RG,5,-22.23,17.54,1731,2022,,,,,,,,,,38.4,10.2,
7850431,Okuje RG,5,-22.23,17.54,1731,2023,,32.4,23.6,,,,,,,,,
0785168X,Omatako RG,5,-21.15,17.18,1358,2019,,,,,,,,,,9,7.2,84.4
0785168X,Omatako RG,5,-21.15,17.18,1358,2020,57,1.4,1.2,1,0,0,4,0.4,0.6,4.4,19,84.8
0785168X,Omatako RG,5,-21.15,17.18,1358,2021,216,122,75.2,0.8,1.2,0,0,0.8,0,,,
7852204,Mecklenburg,5,-22.17,17.63,,2019,,,,0,0,0,0,0,0,3,16,129
7852204,Mecklenburg,5,-22.17,17.63,,2020,40,163.5,81,0,0,0,0,0,0,0,,
0785230X,Bodenhausen,5,-22.33,17.62,1657,2019,16.5,36.5,20.5,15,,,,,,,,
0785388A,Ovitoto ADC,5,-21.98,17.22,1518,2019,,,,,,,,,,3.8,8.4,54
0785388A,Ovitoto ADC,5,-21.98,17.22,1518,2020,15.4,219.6,82.4,10.7,0,0,0,0,0,0,4.5,36.5
0785388A,Ovitoto ADC,5,-21.98,17.22,1518,2021,251.8,,,,,,,,,,,
7854901,Okahua,5,-22.16,17.78,1656,2019,38,24.9,36.8,,,,0,0,0,,5.7,
7854901,Okahua,5,-22.16,17.78,1656,2020,,158.4,104,15.4,,,,0,1,8.3,9.8,217
7854901,Okahua,5,-22.16,17.78,1656,2021,224,,143,17.9,3.5,0,0,0,0,44,23.5,4.8
7854901,Okahua,5,-22.16,17.78,1656,2022,255.4,101.3,67.5,2,0,0,0,0,0,52,5.8,51.5
7854901,Okahua,5,-22.16,17.78,1656,2023,156.5,42.9,37,12.5,3,0,0,0,0,0,67,28
7854901,Okahua,5,-22.16,17.78,1656,2024,101.3,88.1,51.5,,,,,,,,,
0786283X,Omateva,5,-22.26,18.15,,2019,9.7,27,28.1,7.9,,0,,,,0.2,0,99.5
0786283X,Omateva,5,-22.26,18.15,,2020,84,208.1,147,4,,0,0,0,0,29,2,159.5
0786283X,Omateva,5,-22.26,18.15,,2021,313,63.3,77.8,6.1,0,0,0,0,0,24,6.2,13
0786283X,Omateva,5,-22.26,18.15,,2022,115,111.5,53.3,42,0,0,0,0,0,43.5,1.6,31
0786283X,Omateva,5,-22.26,18.15,,2023,83,13.8,32.5,18,9.1,0,0,0.3,0.2,0,35.2,5
7868658,Witvlei,5,-22.42,18.48,,2019,12,35,0,,,,,,,,,
7868658,Witvlei,5,-22.42,18.48,,2020,,,,4,,0,,,,,,
7868658,Witvlei,5,-22.42,18.48,,2021,140,0,13,0,,0,0,0,0,0,,0
0789695A,Epukiro ADC,5,-21.6,19.41,1382,2019,,,,,,,,,,0,37.6,158.9
0789695A,Epukiro ADC,5,-21.6,19.41,1382,2020,29.6,123,146.7,65.5,0,0,0,0,0,0,5.5,68.5
0789695A,Epukiro ADC,5,-21.6,19.41,1382,2021,280.7,232.5,219.5,0,0,,,,,22.5,5.5,68.5
0789695A,Epukiro ADC,5,-21.6,19.41,1382,2022,185.7,62.5,141,24,0,0,0,0,0,50,36,80.5
0789695A,Epukiro ADC,5,-21.6,19.41,1382,2023,85.5,72.5,0,0,0,0,0,0,0,0,35.5,
0792410A,Talismanus ADC,5,-21.84,20.75,1232,2019,,,,,,,,,,,74.5,60.3
0792410A,Talismanus ADC,5,-21.84,20.75,1232,2021,150,0,0,0,0,0,0,0,0,0,0,26.8
0792410A,Talismanus ADC,5,-21.84,20.75,1232,2022,28,80.5,115,35,0,0,0,0,0,146,116,28
0824703A,Uis ADC,5,-21.23,14.9,919,2020,,,,,,,,,,0,0,0
0824703A,Uis ADC,5,-21.23,14.9,919,2021,20,26.5,0.5,0,19,0,0,0,0,0,0,0
0824703A,Uis ADC,5,-21.23,14.9,919,2022,63.5,79.1,43.6,0,0,0,0,0,0,0,4,26
0824703A,Uis ADC,5,-21.23,14.9,919,2023,13,0,0,0,0,0,0,,0,0,0,0
0824703A,Uis ADC,5,-21.23,14.9,919,2024,0,10,,,,,,,,,,
0825651A,Okombahe ADC,5,-21.36,15.37,945,2020,,,,,,,,,,0,0,0
0825651A,Okombahe ADC,5,-21.36,15.37,945,2021,52.2,12,40,5,0,0,0,0,0,0,0,0
0825651A,Okombahe ADC,5,-21.36,15.37,945,2022,0,123.5,59.5,0,0,0,0,0,0,0,,
8275650,Wilhelmstal,5,-21.91,16.32,,2019,2.5,6.5,20.5,40,,0,0,0,,0,,18
8275650,Wilhelmstal,5,-21.91,16.32,,2020,,,66.5,20,,0,0,0,,0,0,26.5
8275650,Wilhelmstal,5,-21.91,16.32,,2021,151,65,28,8,10,0,0,0,0,0,0,0
8275650,Wilhelmstal,5,-21.91,16.32,,2022,57.5,100,47.5,,,,,,,,,26
8275650,Wilhelmstal,5,-21.91,16.32,,2023,130.5,58,,,,,,,,,70.5,
8278486,Otjombuindja,5,-21.63,16.48,,2019,13.5,8.5,35,27.5,0,0,0,0,,,,
8278486,Otjombuindja,5,-21.63,16.48,,2020,,,,3.5,,,,,,,,
8278486,Otjombuindja,5,-21.63,16.48,,2022,,,,,,,,,,10.5,10,20.5
8278486,Otjombuindja,5,-21.63,16.48,,2023,113.5,,,,,,,,,,,
0828748A,Okahandja,5,-21.98,16.92,,2019,17.9,23.9,34.1,17.7,0,0,0,0,0,0,7.4,67.3
0828748A,Okahandja,5,-21.98,16.92,,2020,52.4,244,125,0,0,0,0,0,0,0,0,121
0828748A,Okahandja,5,-21.98,16.92,,2021,331.8,68,61.3,0,0,0,0,0,0,0,0,0
0828748A,Okahandja,5,-21.98,16.92,,2022,88.8,102.2,28.2,0,0,0,0,0,0,9.4,17.5,16.1
0828748A,Okahandja,5,-21.98,16.92,,2023,107.9,137.3,0,0,0,0,0,0,0,0,,45.4
8290711,Guldenboden RG,5,-21.69,17.06,1519,2019,,,,,,,,,,10.2,3.6,123
8290711,Guldenboden RG,5,-21.69,17.06,1519,2020,53.8,210.4,88.4,15.8,0.4,0.2,0,0,0.6,,,
8290711,Guldenboden RG,5,-21.69,17.06,1519,2022,,,,,,,,,,22.4,8,31.6
8290711,Guldenboden RG,5,-21.69,17.06,1519,2023,86.2,37.8,4.8,2.2,0,0,0,0,0.6,,,
8291451,Ovitoto House RG,5,-21.92,17.11,,2019,,,,,,,,,,4,9.6,95.2
8291451,Ovitoto House RG,5,-21.92,17.11,,2020,23,172.4,65.4,0.4,0,0,0,0,0.4,,,
8291451,Ovitoto House RG,5,-21.92,17.11,,2022,,,,,,,,,,39,9.2,135.4
8291451,Ovitoto House RG,5,-21.92,17.11,,2023,191.2,129,3.8,7,3,0,0,0,0.2,,,
8293941,Agagia RG,5,-21.35,17.14,1404,2019,,,,,,,,,,0.8,4,85.4
8293941,Agagia RG,5,-21.35,17.14,1404,2020,100.2,190.6,117.6,13.4,0,0,0.2,0,0,,,
8293941,Agagia RG,5,-21.35,17.14,1404,2022,,,,,,,,,,27.4,4.4,33.2
8293941,Agagia RG,5,-21.35,17.14,1404,2023,132.6,72.6,19,17.8,0.8,0,0,0,1,,,
8294401,Oviumbo Oos RG,5,-21.84,17.27,1476,2019,,,,,,,,,,1.2,16.2,85.8
8294401,Oviumbo Oos RG,5,-21.84,17.27,1476,2020,71,177.6,91.6,3.8,0,0,0.2,0,0.4,,,
8294401,Oviumbo Oos RG,5,-21.84,17.27,1476,2022,,,,,,,,,,24.6,10.4,67.2
8294401,Oviumbo Oos RG,5,-21.84,17.27,1476,2023,153.8,46.8,7,27,10.8,0,0,0,4,,,
8296881,Otjiterazu RG,5,-22.99,17.39,1632,2019,,,,,,,,,,11.6,18.2,80.2
8296881,Otjiterazu RG,5,-22.99,17.39,1632,2020,58.8,258.4,138.4,8,0,0,0,0,0,,,
8296881,Otjiterazu RG,5,-22.99,17.39,1632,2022,,,,,,,,,,33.4,11.4,48.8
8296881,Otjiterazu RG,5,-22.99,17.39,1632,2023,134.2,76.6,18,10.6,15.2,0,0,0,2.8,,,
8302671,Neu Otjisauna RG,5,-21.96,17.65,,2019,,,,,,,,,,3.8,24.4,129.8
8302671,Neu Otjisauna RG,5,-21.96,17.65,,2020,70.4,37.2,,,,,,,,,,
8302671,Neu Otjisauna RG,5,-21.96,17.65,,2022,,,,,,,,,,47.2,9,96.6
8302671,Neu Otjisauna RG,5,-21.96,17.65,,2023,153.2,75.4,11,7.6,9.6,0.2,0,0,0.8,0.6,,
8303429,Ombakatjiwinde,5,-21.7,17.7,,2019,7,40,25,2,0,0,0,0,0,12,0,12.7
8303429,Ombakatjiwinde,5,-21.7,17.7,,2020,106,336,31,0,0,0,,,,,0,138
8303429,Ombakatjiwinde,5,-21.7,17.7,,2021,209,67,0,0,0,0,0,0,0,0,0,9
8303429,Ombakatjiwinde,5,-21.7,17.7,,2022,161,137,,,,,,,0,1.6,0,16.6
8303429,Ombakatjiwinde,5,-21.7,17.7,,2023,8.1,,,4.2,0,,,,0,0,0,
8303478,Monteith,5,-21.12,17.7,,2019,32,21,3.2,2,,0,0,,0,13,,
8303478,Monteith,5,-21.12,17.7,,2020,80,248,55,7,0,,,,,,0,98
8303478,Monteith,5,-21.12,17.7,,2021,195,76,0,0,0,0,0,0,0,40,0,39
8303478,Monteith,5,-21.12,17.7,,2022,170.5,131,,,,,,,,6.2,6.5,6
8303478,Monteith,5,-21.12,17.7,,2023,12.9,,,,3.4,2,0,0,0,0,2.5,
8305800,Ondunduwazirapi,5,-21.66,17.82,,2019,48,60,27.5,,0.4,0,0,0,0,1.3,0,152
8305800,Ondunduwazirapi,5,-21.66,17.82,,2020,81.1,111.9,,,,0,0,0,0.5,2,4.5,67.5
8305800,Ondunduwazirapi,5,-21.66,17.82,,2021,,65.5,75.5,6,0,0,0,0,0,0,7.5,44.5
8305800,Ondunduwazirapi,5,-21.66,17.82,,2022,43.5,146.5,105,0,0,0,0,0,0,30.5,7,62
8305800,Ondunduwazirapi,5,-21.66,17.82,,2023,91.5,14,33,4,0,0,0,0,0,0,18.5,24
8305800,Ondunduwazirapi,5,-21.66,17.82,,2024,64.5,93,65.5,,,,,,,,,
8314399,Steinhausen,5,-21.82,18.23,,2019,39.5,76,,19.5,,,,,,,,
8314399,Steinhausen,5,-21.82,18.23,,2020,94,245.5,148,19,,,,,,4.5,6,81.5
8314399,Steinhausen,5,-21.82,18.23,,2021,156.5,152,66.5,9,0,0,0,0,0,8,14,117
8314399,Steinhausen,5,-21.82,18.23,,2022,113,93,26.5,27.5,0,0,0,0,0,18.5,5,36.5
8314399,Steinhausen,5,-21.82,18.23,,2023,78,38.5,26,0,0,0,0,0,0,0,27.5,23.3
8314399,Steinhausen,5,-21.82,18.23,,2024,110.5,49.3,66.9,,,,,,,,,
0832488A,Otjinene ADC,5,-21.14,18.79,1449,2019,,,,,,,,,,,14.5,87.5
0832488A,Otjinene ADC,5,-21.14,18.79,1449,2021,252,159,,0,,,,,,27,37,34.5
0832488A,Otjinene ADC,5,-21.14,18.79,1449,2022,187,,,,,,,,,,,
8332225,Epukiro,5,-21.7,19.13,,2021,,,,,0,,,,,,,
0869243A,Morewag ADC,5,-20.56,14.66,812,2021,,,,,,,0,0,0,0,0,0
0869243A,Morewag ADC,5,-20.56,14.66,812,2022,52.5,8,4.9,0,0,0,0,0,0,0,0,0
0869243A,Morewag ADC,5,-20.56,14.66,812,2023,0,0,0,0,,,,,,,,
0869566A,Sorris Sorris ADC,5,-20.95,14.83,559,2021,0,0.9,45.9,0,0,0,0,0,0,0,0,0
0869566A,Sorris Sorris ADC,5,-20.95,14.83,559,2022,9.5,5.2,2.6,0,0,0,0,0,0,0,0,0
0869566A,Sorris Sorris ADC,5,-20.95,14.83,559,2023,0,0,0,0,,,,,0,0,,
0869840A,Omatjete ADC,5,-21.05,15.51,1228,2021,180.6,53.8,31.3,23.6,0,0,0,0,0,0,0,0
0869840A,Omatjete ADC,5,-21.05,15.51,1228,2022,68.1,228.2,92.2,9,0,0,0,0,0,0,16.4,3
0869840A,Omatjete ADC,5,-21.05,15.51,1228,2023,132.5,0,0,0,0,0,0,0,0,0,26.1,0
0869840A,Omatjete ADC,5,-21.05,15.51,1228,2024,81,0,,,,,,,,,,
8698424,Omatjette (closed),5,-21.03,15.48,,2019,0,13,45,0,0,0,0,0,0,0,0,46
8698424,Omatjette (closed),5,-21.03,15.48,,2020,42.9,70.8,29.9,26,0,0,0,0,0,0,0,1.2
8698424,Omatjette (closed),5,-21.03,15.48,,2023,,,,,,0,0,0,,,,
8704036,Etendero,5,-21.22,15.73,,2019,1.7,0,13.7,1.3,,,,,,,,6.8
8704036,Etendero,5,-21.22,15.73,,2020,16,,,17,,,,,,,,
8704036,Etendero,5,-21.22,15.73,,2021,31.4,8.9,10.4,,,,,,,,,
8704036,Etendero,5,-21.22,15.73,,2022,33,14,75,,,,,,,,,
0870800A,Omaruru ADC,5,-21.42,15.95,1219,2020,,,,,0,0,0,0,0,0,15,11
0870800A,Omaruru ADC,5,-21.42,15.95,1219,2021,132.5,53.5,107.8,6.1,0,0,0,0,0,0,0,0
0870800A,Omaruru ADC,5,-21.42,15.95,1219,2022,86.5,120,77.1,0,0,0,0,0,0,0,25.7,1
0870800A,Omaruru ADC,5,-21.42,15.95,1219,2023,103,15.8,0,4.1,0,0,0,,0,0,30,0
0870800A,Omaruru ADC,5,-21.42,15.95,1219,2024,25.3,23,31.5,,,,,,,,,
8712786,Eheratengua,5,-21.13,16.17,,2019,27,7,33,31,,,,0,0,1,0,
8712786,Eheratengua,5,-21.13,16.17,,2020,,170,65,,,,,,,,,
8713638,Ombona,5,-21.04,16.22,,2019,56.3,5.6,52.3,53.9,,0,0,0,0,12,6,69.9
8713638,Ombona,5,-21.04,16.22,,2020,114.9,186.5,96.3,,,0,0,0,0,1.5,1.5,51.3
8713638,Ombona,5,-21.04,16.22,,2021,147.2,76.3,149,5,0,0,0,0,0,0.8,4.8,0
8713638,Ombona,5,-21.04,16.22,,2022,133.1,84.9,71.9,30.6,0,0,0,0,0,20.8,13.3,0
8713638,Ombona,5,-21.04,16.22,,2023,164.3,69.4,28.7,19,2.2,0,0,0,0,4,51.8,69.9
8713638,Ombona,5,-21.04,16.22,,2024,46,,,,,,,,,,,
0873397X,Otjikururume,5,-21.12,17.22,,2019,24,5.5,36.5,18,,0,0,0,0,9,0,
0873397X,Otjikururume,5,-21.12,17.22,,2020,83,283.5,75,7.5,,,,,0,,,
0873397X,Otjikururume,5,-21.12,17.22,,2021,366,118,93,1.3,0,0,0,0,0,57,6,0
0873397X,Otjikururume,5,-21.12,17.22,,2022,172.5,189,71.5,34,0,0,0,0,0,36,16,63
0873397X,Otjikururume,5,-21.12,17.22,,2023,187,66,63.5,9.6,0,0,0,0,0,0,32,50
0873397X,Otjikururume,5,-21.12,17.22,,2024,70.5,79.5,54.5,,,,,,,,,
8745520,Eureka,5,-21.2,17.82,,2019,30.2,,27.4,,,,,,,,7.7,
8745520,Eureka,5,-21.2,17.82,,2020,57,284.7,105.1,60.8,0,0,0,0,0,0.5,21.2,106.2
8745520,Eureka,5,-21.2,17.82,,2021,91,100.5,135.2,1.4,0,0,0,0,0,22.1,52.3,14.2
8745520,Eureka,5,-21.2,17.82,,2022,126.3,102.4,60.8,13.3,0,0,0,0,0,43.5,12.9,71.8
8745520,Eureka,5,-21.2,17.82,,2023,61.3,59.3,98.5,26.7,1.2,0,0,0,0,0.2,42,
8745520,Eureka,5,-21.2,17.82,,2024,61.1,82.6,43.3,,,,,,,,,
8751070,Kalidona,5,-21.28,18.07,,2019,62.5,68.5,14.5,1.5,0,0,0,,0,0,0,129.5
8751070,Kalidona,5,-21.28,18.07,,2020,,,,,,0,0,0,0,0,18,67.5
8751070,Kalidona,5,-21.28,18.07,,2021,265.5,87.5,62,0,0,0,0,0,0,15,,
8751070,Kalidona,5,-21.28,18.07,,2022,,,,20.5,0,0,0,0,0,27.5,40,51
8751070,Kalidona,5,-21.28,18.07,,2023,79.5,,,,,,,,,,,
8752043,Rodenbeck,5,-21.41,18.16,1586,2019,22.3,101.1,,,,,,,,,,
8752043,Rodenbeck,5,-21.41,18.16,1586,2020,107.3,,,,,,,,0,,,
8752043,Rodenbeck,5,-21.41,18.16,1586,2021,,,,,,0,0,0,0,9.2,8.2,73.5
8752043,Rodenbeck,5,-21.41,18.16,1586,2022,109.7,63.2,115.7,6.5,0,0,0,0,0,14.1,9,66.7
8752043,Rodenbeck,5,-21.41,18.16,1586,2023,,82,39.5,48.5,1.3,0,0,0,0,0,41.2,11.7
8752043,Rodenbeck,5,-21.41,18.16,1586,2024,95.1,109.8,,,,,,,,,,
0876389A,Okondjatu ADC,5,-20.99,18.23,1427,2020,,,,,,,,,,0,0,89.5
0876389A,Okondjatu ADC,5,-20.99,18.23,1427,2021,337.7,,,,0,0,0,0,0,17.9,94,20.6
0876389A,Okondjatu ADC,5,-20.99,18.23,1427,2022,126.4,107.1,135.8,0.3,0,0,0,0,0,92.9,6.6,37.6
0876389A,Okondjatu ADC,5,-20.99,18.23,1427,2023,146.5,110,76.1,11,0,0,0,0,0,0,30.1,17.1
0876389A,Okondjatu ADC,5,-20.99,18.23,1427,2024,66.6,58.8,103.1,,,,,,,,,
0881576A,Eiseb ADC,5,-20.61,20.85,1039,2019,,,,,,,,,,0,43,10.5
0881576A,Eiseb ADC,5,-20.61,20.85,1039,2020,,26.8,196,72.5,0,0,0,0,9,8.8,15.1,35.4
0881576A,Eiseb ADC,5,-20.61,20.85,1039,2021,191.3,214.7,70.5,5,0,0,0,0,0,76.5,4,
0881576A,Eiseb ADC,5,-20.61,20.85,1039,2022,126.2,51.1,176.7,0,0,0,0,0,,0,46,55.5
0881576A,Eiseb ADC,5,-20.61,20.85,1039,2023,51.3,45.2,30.6,2,0,0,0,,0,0,15.7,54.3
0881576A,Eiseb ADC,5,-20.61,20.85,1039,2024,77.7,16,58,,,,,,,,,
0912103A,Bersig ADC,5,-20.22,14.07,1023,2021,,,,,,,0,0,0,0,0,0
0913802A,Khorixas ADC,5,-20.38,14.97,963,2021,,,,,0,0,0,0,0,0,0,0
0913802A,Khorixas ADC,5,-20.38,14.97,963,2022,74.5,128.1,8.8,0,0,0,0,0,0,0,0,0
0913802A,Khorixas ADC,5,-20.38,14.97,963,2023,210.4,0,0,8.5,,,,,0,0,,
0913882A,Fransfontein ADC,5,-20.21,15.01,1081,2021,0,70.5,30.9,0.8,0.5,0,0,0,0,0,0,0
0913882A,Fransfontein ADC,5,-20.21,15.01,1081,2022,19.7,126,12.5,3.5,0,0,0,0,0,0,1.8,19
0913882A,Fransfontein ADC,5,-20.21,15.01,1081,2023,97,0,0,3.8,,,,,0,0,,
9144782,Ronesterkop,5,-20.47,15.27,989,2021,0,1.9,3.8,0.7,0.1,0,0,0,0,0,0,1.2
9144782,Ronesterkop,5,-20.47,15.27,989,2022,,,,,,0,0,0,0,0.8,11.4,30.3
9144782,Ronesterkop,5,-20.47,15.27,989,2023,59.9,0,0,9.5,,,,,,,,
9144963,Eastwood,5,-20.27,15.3,,2021,,,,,,,0,0,,0,0,0
9144963,Eastwood,5,-20.27,15.3,,2022,,,,,,0,0,0,0,0,19,8.5
9144963,Eastwood,5,-20.27,15.3,,2023,118.7,0.1,33.8,10.9,,,,,,,,
0915246A,Outjo ADC,5,-20.11,16.15,1266,2021,,72.9,122.4,13.4,10.5,0,0,0,0,0,31,18.4
0915246A,Outjo ADC,5,-20.11,16.15,1266,2022,68.1,133.6,76.5,35,0,0,0,0,0,0,26.5,48
0915246A,Outjo ADC,5,-20.11,16.15,1266,2023,77.1,47.4,12.7,26,1.5,0,0,0,0,2,39,43.8
0915246A,Outjo ADC,5,-20.11,16.15,1266,2024,72.5,36,46,,,,,,,,,
0915623X,Eremutua (NE) 25,5,-20.88,15.85,,2019,7,15.5,16.5,0,0,0,0,0,0,0,2,69.5
0915623X,Eremutua (NE) 25,5,-20.88,15.85,,2020,47,116.5,96,9.5,0,0,0,0,2,0,0,16.5
0915623X,Eremutua (NE) 25,5,-20.88,15.85,,2021,129.5,71.5,93,18.5,0,0,0,0,0,0,1.5,0.5
0915623X,Eremutua (NE) 25,5,-20.88,15.85,,2022,77.5,100.5,92,2.5,0,0,0,0,0,,,
0917237A,Otjiwarongo ADC,5,-20.46,16.65,1468,2021,95,100.3,33,36,0,0,0,0,0,8,,
0917237A,Otjiwarongo ADC,5,-20.46,16.65,1468,2022,76.8,121,13,0,0,0,0,0,0,,,
0917237A,Otjiwarongo ADC,5,-20.46,16.65,1468,2023,210,187.2,28,,,,,,,0,34,49.5
0917237A,Otjiwarongo ADC,5,-20.46,16.65,1468,2024,108.2,,,,,,,,,,,
9175826,Hohenfels (West),5,-20.7,16.83,,2020,,,7.5,7.5,0,0,,,,,,
0918565A,Okomumbonde LSR,5,-20.42,17.33,1460,2019,28.5,82,33,15.9,0,0,0,0,0,9.5,18.5,86
0918565A,Okomumbonde LSR,5,-20.42,17.33,1460,2020,108.5,185.5,170,31,0,0,0,0,0,0,22,124.1
0918565A,Okomumbonde LSR,5,-20.42,17.33,1460,2021,345,73,43,0,0,0,0,0,0,42,23,8
0918565A,Okomumbonde LSR,5,-20.42,17.33,1460,2022,197,245,105.5,1.5,0,0,0,0,0,45.5,20,27.5
0918565A,Okomumbonde LSR,5,-20.42,17.33,1460,2023,262.4,36,50.5,29,0,0,0,0,0,0,89.5,33.6
0918565A,Okomumbonde LSR,5,-20.42,17.33,1460,2024,77.1,109,43.5,,,,,,,,,
0919505X,La Paloma,5,-20.93,17.78,,2019,17.6,36.5,40.5,12,0,0,0,0,0,0,2.5,79.8
0919505X,La Paloma,5,-20.93,17.78,,2020,61.2,231.6,56.5,9.2,0,0,0,0,0,3,14.5,91
0919505X,La Paloma,5,-20.93,17.78,,2021,321.4,75.8,74,0,0,0,0,0,0,17,8,53.3
0919505X,La Paloma,5,-20.93,17.78,,2022,118.7,101,85.8,2,0,0,0,0,0,25.1,6,39.8
0919505X,La Paloma,5,-20.93,17.78,,2023,127.5,57.5,62.2,11,1,0,0,0,0,0,30.5,41.5
0919505X,La Paloma,5,-20.93,17.78,,2024,36.4,83.2,17,,,,,,,,,
0919515X,Donkerwater,5,-20.96,17.82,,2019,14.7,37.4,42.7,9.2,,,0,,0,,0,
0919515X,Donkerwater,5,-20.96,17.82,,2020,,339,66,,0,0,0,0,0,0,22.2,99.5
0919515X,Donkerwater,5,-20.96,17.82,,2021,390.8,110.2,64.2,0,0,0,0,0,0,20.9,0,42.2
0919515X,Donkerwater,5,-20.96,17.82,,2022,107.8,123.9,86.7,6.5,0,0,0,0,0,48.3,22.6,35.8
0919515X,Donkerwater,5,-20.96,17.82,,2023,139.1,63,106,17.3,1.7,0,0,0,0,0,15,
0920384A,Okamatapati ADC,5,-20.41,18.22,1316,2021,,93,124,0,0,0,0,0,0,42,15,75
0920384A,Okamatapati ADC,5,-20.41,18.22,1316,2022,60,90.5,62.5,0,0,0,0,0,0,21,,43
0920384A,Okamatapati ADC,5,-20.41,18.22,1316,2023,128,66,8,0,0,0,0,0,0,0,14,27
0920384A,Okamatapati ADC,5,-20.41,18.22,1316,2024,95.6,58.7,59,,,,,,,,,
9235650,Okatjimbe,5,-20.42,19.82,1178,2021,,249,63,0,0,0,0,0,0,5,45,70.5
9235650,Okatjimbe,5,-20.42,19.82,1178,2022,101.5,131,100,41,0,0,0,0,0,19,52,115.4
9235650,Okatjimbe,5,-20.42,19.82,1178,2023,99.5,,,,,,,,,,,
0925555A,Gam ADC,5,-20.25,20.83,1063,2019,,,,,,,,,,,,16.7
0925555A,Gam ADC,5,-20.25,20.83,1063,2020,99.2,54,72,10,0,0,0,0,0,0,48,165
0925555A,Gam ADC,5,-20.25,20.83,1063,2021,209.7,249.8,50,0,0,0,0,,19,0,22.7,0
0925555A,Gam ADC,5,-20.25,20.83,1063,2022,57,0,0,0,0,0,0,0,0,0,10.4,4.6
0925555A,Gam ADC,5,-20.25,20.83,1063,2023,6.5,70,154,0,,,,,,,,
0925555A,Gam ADC,5,-20.25,20.83,1063,2024,59,26,44,,,,,,,,,
0958521A,Erwee ADC,5,-19.69,14.32,1173,2021,3.2,5.7,0.7,0,0,0,0,0,0,0,1.5,0
0958521A,Erwee ADC,5,-19.69,14.32,1173,2022,21,47.9,36.5,20.8,0,0,0,0,0,0,0,0
0958521A,Erwee ADC,5,-19.69,14.32,1173,2023,23,10,10,12,0,0,0,0,0,0,21,0
0958521A,Erwee ADC,5,-19.69,14.32,1173,2024,7,126,33.1,,,,,,,,,
9588339,Khorixas (closed),5,-20.38,14.97,,2019,12.9,,,,,,,,,,,
0959047A,Anker ADC,5,-19.8,14.54,1020,2021,,,,,,,0,0,0,0,0,
0959047A,Anker ADC,5,-19.8,14.54,1020,2022,,,,,,0,0,0,0,0,0,0
0959047A,Anker ADC,5,-19.8,14.54,1020,2023,98,0,0,12,0,0,0,0,0,0,20,0
0959047A,Anker ADC,5,-19.8,14.54,1020,2024,24.5,27.5,43.5,,,,,,,,,
0959577A,Kamanjab ADC,5,-19.63,14.85,1225,2020,,,,,,,,,,0,0,0
0959577A,Kamanjab ADC,5,-19.63,14.85,1225,2021,51.5,70,159,0,0,0,0,0,0,,,
0959577A,Kamanjab ADC,5,-19.63,14.85,1225,2022,7.5,117.2,69.6,0,0,0,0,0,0,11,0,30
0959577A,Kamanjab ADC,5,-19.63,14.85,1225,2023,100.2,0,12,13,0,0,0,0,0,0,80.6,0
0959577A,Kamanjab ADC,5,-19.63,14.85,1225,2024,28,,,,,,,,,,,
9622378,Otjiwarongo_Manual,5,-20.45,16.63,,2021,329.4,,,,,,,,,,,
9637858,Gutweide,5,-20.08,17.45,,2019,,,,,,,,,,,,125.1
9637858,Gutweide,5,-20.08,17.45,,2020,67.9,268.7,18.1,,,,,,,,45.6,
0963878A,Otavi ADC,5,-19.64,17.35,1417,2020,,,,,,,,,,0,64.7,136.8
0963878A,Otavi ADC,5,-19.64,17.35,1417,2021,413.5,,79.1,8.2,0,0,0,0,0,58.8,19.6,67.2
0963878A,Otavi ADC,5,-19.64,17.35,1417,2022,185.6,88.7,72.8,38.7,0,0,0,0,0,45.7,39,25
0963878A,Otavi ADC,5,-19.64,17.35,1417,2023,178.5,99.9,77.7,7.8,0.6,0,0,0,0,1.2,72.4,73.6
0963878A,Otavi ADC,5,-19.64,17.35,1417,2024,113.8,125.7,110.6,,,,,,,,,
0966153A,Grootfontein ADC,5,-19.56,18.11,1481,2020,,,,,,,,,,0,82.7,
0966153A,Grootfontein ADC,5,-19.56,18.11,1481,2021,279.2,238,102.5,0,0,0,0,0,0,48,7,14.8
0966153A,Grootfontein ADC,5,-19.56,18.11,1481,2022,88.5,71.1,185,0,0,0,0,0,0,,,
0966153A,Grootfontein ADC,5,-19.56,18.11,1481,2023,147,37,,,,,,,,,85,174
0966153A,Grootfontein ADC,5,-19.56,18.11,1481,2024,107.7,32.9,31.5,,,,,,,,,
0967128A,Otjituuo ADC,5,-19.64,18.6,1209,2020,,,,,,,,,,0,67,68
0967128A,Otjituuo ADC,5,-19.64,18.6,1209,2021,184.5,149.5,55.5,1.8,0,0,0,0,1.2,48,20,30
0967128A,Otjituuo ADC,5,-19.64,18.6,1209,2022,88,204,93,36,0,0,0,0,0,28,76.5,109
0967128A,Otjituuo ADC,5,-19.64,18.6,1209,2023,166,101.6,126.6,14.7,0,0,0,0,0,27,23.5,53.5
0967128A,Otjituuo ADC,5,-19.64,18.6,1209,2024,168,56,32.5,,,,,,,,,
0970876A,Tsumkwe ADC,5,-19.6,20.5,1149,2020,,,,,,,,,,3,105,85.1
0970876A,Tsumkwe ADC,5,-19.6,20.5,1149,2021,312,,68,0,0,0,0,0,0,50,34.6,
0970876A,Tsumkwe ADC,5,-19.6,20.5,1149,2022,20,62,154.5,94,0,0,0,0,0,26,68,63
0970876A,Tsumkwe ADC,5,-19.6,20.5,1149,2023,55.5,5.5,93,0,0,0,0,0,0,0,21,33.5
0970876A,Tsumkwe ADC,5,-19.6,20.5,1149,2024,95,25,41,,,,,,,,,
1001157A,Sesfontein ADC,5,-19.12,13.62,574,2021,7.4,1.6,0,0,0,0,0,0,0,0,0,0
1001157A,Sesfontein ADC,5,-19.12,13.62,574,2022,0,89,0,0,0,0,0,0,0,0,0,0
1001157A,Sesfontein ADC,5,-19.12,13.62,574,2023,38,0,0,0,,,,,,,,
1002573,Otjokavare ADC,5,-19.06,14.35,1199,2021,5.8,6.5,6,0,0,0,0,0,0,0,0,0
1002573,Otjokavare ADC,5,-19.06,14.35,1199,2022,0,150,24,12,0,0,0,0,0,0,0,0
10028280,Galton Gate,5,-19.31,14.48,1245,2021,,55.9,40.6,0,0,0,0,0,0,0,23.6,
10028280,Galton Gate,5,-19.31,14.48,1245,2022,98.9,165.1,125.3,0,0,0,0,0,0,0,0,0
10028280,Galton Gate,5,-19.31,14.48,1245,2023,0,14.8,38,0,0,0,0,0,0,0,51.8,30.8
10028280,Galton Gate,5,-19.31,14.48,1245,2024,27.5,60.5,30.8,,,,,,,,,
10035584,Vryheid (Ondjou),5,-19.8,14.82,,2019,,,,,0,0,0,0,0,0,0,16
10035584,Vryheid (Ondjou),5,-19.8,14.82,,2020,11,22,65.5,15,,,,,,,,
10035584,Vryheid (Ondjou),5,-19.8,14.82,,2021,26,57,85,,,,,,,,,
10043173,Otjitambi,5,-19.81,15.18,,2019,23,0,10.5,0,0,0,0,0,0,,0,0
10043173,Otjitambi,5,-19.81,15.18,,2020,0,,,,,,,,,,,
10043173,Otjitambi,5,-19.81,15.18,,2021,,,,0,0,0,0,0,0,5,0,0
10043173,Otjitambi,5,-19.81,15.18,,2022,0,84,145,0,0,0,0,0,0,3.5,5.5,18
10043173,Otjitambi,5,-19.81,15.18,,2023,35,0,28,0,0,0,0,0,,0,64,12
10043173,Otjitambi,5,-19.81,15.18,,2024,21.5,102,18,,,,,,,,,
10093729,Kombat Booster RG,5,-19.42,17.43,,2019,,,,,,,,,,2,24.4,133.3
10093729,Kombat Booster RG,5,-19.42,17.43,,2020,37.5,,,,,,,,,,,161.8
10093729,Kombat Booster RG,5,-19.42,17.43,,2021,429.9,301,130,12.8,14.8,0.8,0,1,0,,,
10093729,Kombat Booster RG,5,-19.42,17.43,,2022,,,,,,,,,,26.4,84.8,106
10093729,Kombat Booster RG,5,-19.42,17.43,,2023,132.6,81.7,84.2,13,1.8,0.4,0.8,0,0.2,,,
10095799,Friedrichsruhe,5,-19.16,17.85,,2020,,,,,,,,,,,65.5,98
10095799,Friedrichsruhe,5,-19.16,17.85,,2021,287.2,198,76,11,0,0,0,0,0,40.5,37.5,75
10095799,Friedrichsruhe,5,-19.16,17.85,,2022,310.8,198,,,,,,,,35,63.6,100.4
10095799,Friedrichsruhe,5,-19.16,17.85,,2023,253.3,73.6,87,73.3,0,0,,,,,,
10096398,Awagobibtal,5,-19.66,17.86,,2019,56,41.5,,,,0,0,0,0,0,34,128
10096398,Awagobibtal,5,-19.66,17.86,,2020,88,265.5,70,42,0,0,0,0,0,70,50,130
10096398,Awagobibtal,5,-19.66,17.86,,2021,338,224,,0,8,0,0,0,0,36,2,81
10096398,Awagobibtal,5,-19.66,17.86,,2022,206,119.2,122,45.3,0,0,0,0,0,33,39,39
10096398,Awagobibtal,5,-19.66,17.86,,2023,137,169,62,14,0,0,0,0,0,2,71,103
10096398,Awagobibtal,5,-19.66,17.86,,2024,101,66,,,,,,,,,,
10098526,Otjirukaku,5,-19.71,17.97,,2019,97,,32,19,0,0,0,0,0,0,25,
10098526,Otjirukaku,5,-19.71,17.97,,2020,68,271,48,,0,0,0,0,0,1,78,148
10098526,Otjirukaku,5,-19.71,17.97,,2021,255,229,100,0,0,0,0,0,0,57,2,63
10098526,Otjirukaku,5,-19.71,17.97,,2022,111,89,66,,,,,,,,,
10101531,Grootfontein Town 91,5,-19.34,18.06,,2019,43.6,60.5,40.8,19.7,0,0,0,0,0,0,12.7,106.9
10101531,Grootfontein Town 91,5,-19.34,18.06,,2020,125.4,211.9,77,11.8,0,0,0,0,0,9.1,99,157.1
10101531,Grootfontein Town 91,5,-19.34,18.06,,2021,285.6,237.9,59.3,0.2,0.4,0,0,0,0,79,12.5,49.7
10101531,Grootfontein Town 91,5,-19.34,18.06,,2022,203,62.8,253.3,11.4,0,1.3,0,0,0,73.7,51.7,53.3
10101531,Grootfontein Town 91,5,-19.34,18.06,,2023,123.4,96.8,75.2,31.7,3.4,0,0,0,0,15.1,54.9,68.8
10101531,Grootfontein Town 91,5,-19.34,18.06,,2024,107.8,59.5,69.7,,,,,,,,,
10102167,Grootfontein_Manual,5,-19.59,18.14,,2019,,,,,0,,0,0,,,,
10102167,Grootfontein_Manual,5,-19.59,18.14,,2021,212.1,177.4,55.6,0,0,0,0,0,0,49,10.8,
10102167,Grootfontein_Manual,5,-19.59,18.14,,2022,182.4,70,147,14.4,,,,,,,,
10103914,Berg Aukas RG,5,-19.31,18.15,,2019,,,,,,,,,,2.2,0,0
10103914,Berg Aukas RG,5,-19.31,18.15,,2020,,,,,,,,,,60,479.3,0
10103914,Berg Aukas RG,5,-19.31,18.15,,2021,0,0,0,23.6,110.6,0.6,0,0,0,,,
10103914,Berg Aukas RG,5,-19.31,18.15,,2022,,,,,,,,,,0,,
10103914,Berg Aukas RG,5,-19.31,18.15,,2023,,,,,0,0,0,0,0,,,
10120948,Simondeum,5,-19.28,19.2,,2020,,,,,,,0,0,0,,,
10120948,Simondeum,5,-19.28,19.2,,2021,,,181,0,0,0,0,0,0,72,8,29.5
10120948,Simondeum,5,-19.28,19.2,,2022,,48,150.1,12.5,0,0,0,0,0,49,,
1013239A,Mkata ADC,5,-19.5,19.63,1215,2020,,,,,,,,,,11,127.5,282
1013239A,Mkata ADC,5,-19.5,19.63,1215,2021,598,280.5,72,0,0,0,0,0,0,12,0,26
1013239A,Mkata ADC,5,-19.5,19.63,1215,2022,83,159,180.5,0,0,0,0,0,0,72,83,40.5
1013239A,Mkata ADC,5,-19.5,19.63,1215,2023,53,0,53,0,0,0,0,0,0,1,32,19
1013239A,Mkata ADC,5,-19.5,19.63,1215,2024,104,10,19,,,,,,,,,
1049175A,Oruvandjai ADC,5,-18.92,14.11,1084,2021,22,2.5,5.5,0,15.1,0,0,0,0,,,
1049175A,Oruvandjai ADC,5,-18.92,14.11,1084,2022,90,95.9,71.5,13.5,0,0,0,0,0,0,0,22
1049175A,Oruvandjai ADC,5,-18.92,14.11,1084,2023,29.5,0,0,0,0,0,0,,0,0,0,0
1049175A,Oruvandjai ADC,5,-18.92,14.11,1084,2024,0,29,11,,,,,,,,,
10517316M,Okaukuejo_Manual,5,-19.18,15.92,1102,2019,,,,,,,,,,8.3,23.3,
10517316M,Okaukuejo_Manual,5,-19.18,15.92,1102,2021,202.7,62.3,147.9,0,0,0,0,0,0,16.9,9.1,42.8
10517316M,Okaukuejo_Manual,5,-19.18,15.92,1102,2022,56.5,76.5,71.4,32.8,0,0,0,0,0,0.5,2,16.6
10517316M,Okaukuejo_Manual,5,-19.18,15.92,1102,2023,108.9,12.5,15.8,7.4,0,0,0,0,0.1,0,35.5,43.5
10517316M,Okaukuejo_Manual,5,-19.18,15.92,1102,2024,45.2,46.6,47.9,,,,,,,,,
10518000,Anderson Gate (Ombika),5,-19.33,15.94,1136,2019,79,21,11,20.5,0,0,0,0,0,2.6,3.8,70.4
10518000,Anderson Gate (Ombika),5,-19.33,15.94,1136,2020,128.5,128.1,97.5,0,0,0,0,0,0,0,2.9,37
10518000,Anderson Gate (Ombika),5,-19.33,15.94,1136,2021,276.2,82.6,93.8,0,0,0,0,0,0,1.5,31,
10518000,Anderson Gate (Ombika),5,-19.33,15.94,1136,2022,54.7,100,60.6,22.9,0,0,0,0,0,16.3,22.3,9.5
10518000,Anderson Gate (Ombika),5,-19.33,15.94,1136,2023,162,40.2,22.5,1.6,0,0,0,0,0,0,43.3,23.5
10518000,Anderson Gate (Ombika),5,-19.33,15.94,1136,2024,78.2,54.8,49.8,,,,,,,,,
1051800F,Ombika,5,-19.33,15.95,,2023,,,,,,0,0,0,,,,
10526411,Halali,5,-19.04,16.47,,2022,83.6,166.2,98,15.6,0,0,0,0,0,14.8,14.4,34.9
10526411,Halali,5,-19.04,16.47,,2023,146.8,66.7,28.2,12.2,,0,0,0,0,0,32.1,76.8
10526411,Halali,5,-19.04,16.47,,2024,117.1,73.7,25.1,,,,,,,,,
10542310,Soavis,5,-19.35,17.13,,2019,,,51.5,4.5,0,0,0,0,0,5,7.6,119
10542310,Soavis,5,-19.35,17.13,,2020,104,,93,65.5,,,,,,,,112.5
10542310,Soavis,5,-19.35,17.13,,2021,273.5,,,,2.5,0,0,0,0,40.5,25,
10542310,Soavis,5,-19.35,17.13,,2022,,59.8,128.3,13.6,,,,,,,,
1054329X,Huttenhof,5,-19.48,17.19,,2019,,,,,,0,0,0,0,7.5,22,83.5
1054329X,Huttenhof,5,-19.48,17.19,,2020,,293.6,75.2,22,0,0,0,0,1,7.5,22,117
1054329X,Huttenhof,5,-19.48,17.19,,2021,306.5,166.1,84,0,0.5,0,0,0,0,45,32,14
1054329X,Huttenhof,5,-19.48,17.19,,2022,179,67,148.8,0,0,0,0,0,0,9.5,49,92
1054329X,Huttenhof,5,-19.48,17.19,,2023,136,73,51,19.5,0,0,0,0,0,0,48.5,64
1054329X,Huttenhof,5,-19.48,17.19,,2024,116,85.4,86.5,,,,,,,,,
10561102,Ilmenau,5,-19.34,18.07,,2019,68.3,61.5,43,16,0,0,0,0,0,0,,
10567174,Gaikos,5,-19.45,18.41,,2019,,,,,0,0,0,0,0,0,35,81
10567174,Gaikos,5,-19.45,18.41,,2020,75,131,164,12,0,0,0,0,0,0,138,115
10567174,Gaikos,5,-19.45,18.41,,2021,283,289,87,0,0,0,0,0,0,63,4,46
10567174,Gaikos,5,-19.45,18.41,,2022,174.5,95,60,30,0,0,0,0,0,29,40,73
10567174,Gaikos,5,-19.45,18.41,,2023,107,82.5,43,31,0,0,0,0,0,0,43,51
10567174,Gaikos,5,-19.45,18.41,,2024,93,16,50,,,,,,,,,
10572047,Klein Huis,5,-19.4,18.61,,2019,28.8,16.5,76,20,0,0,0,0,0,0,1,126.9
10572047,Klein Huis,5,-19.4,18.61,,2020,31,204.7,89.5,25,0,0,0,0,0,0,94.5,95
10572047,Klein Huis,5,-19.4,18.61,,2021,140,336,8,0,0,0,0,0,0,67.5,0,36
10572047,Klein Huis,5,-19.4,18.61,,2022,57.5,106,65,8,0,0,0,0,0,15.5,30.5,77.5
10572047,Klein Huis,5,-19.4,18.61,,2023,119.5,78.5,52,39,7,0,0,0,0,0,28.5,89
10572047,Klein Huis,5,-19.4,18.61,,2024,121.5,24,,,,,,,,,,
10574877,Wilde,5,-19.1,18.79,,2019,61,54,23.5,12,0,0,0,0,0,0,18.5,36.5
10574877,Wilde,5,-19.1,18.79,,2020,39.5,144,124,0,0,0,0,0,0,0,59.5,54
10574877,Wilde,5,-19.1,18.79,,2021,51,294.5,57,8,0,0,0,0,0,49.5,7.5,93
10574877,Wilde,5,-19.1,18.79,,2022,40,135,76.5,7,0,0,0,0,0,8,10,58
10574877,Wilde,5,-19.1,18.79,,2023,90.5,103.5,100,2,0,0,0,,0,0,31,70
10574877,Wilde,5,-19.1,18.79,,2024,92.5,0,16,,,,,,,,,
1096258A,Kaoko-Otavi ADC,5,-18.3,13.65,1424,2021,,,,,,,0,0,,,,
1096573A,Opuwo ADC,5,-18.06,13.84,,2021,20,22,114.5,0,0,0,0,0,0,3,27.5,0
1096573A,Opuwo ADC,5,-18.06,13.84,,2022,0.3,133,53,24,0,0,0,0,0,0,0,0
1096573A,Opuwo ADC,5,-18.06,13.84,,2023,73.5,7,21,0,0,0,0,,0,0,30.4,20.8
1096573A,Opuwo ADC,5,-18.06,13.84,,2024,20.4,73.6,53.4,,,,,,,,,
1097547A,Omakange ADC,5,-18.12,14.32,1198,2021,82,54.5,181.3,0,1.7,0,0,0,0,0,1,0
1097547A,Omakange ADC,5,-18.12,14.32,1198,2022,6,53,84,31.2,0,0,0,0,0,0,0,0
1097547A,Omakange ADC,5,-18.12,14.32,1198,2023,158,0,42,17,0,0,0,0,0,0,30,30
1097547A,Omakange ADC,5,-18.12,14.32,1198,2024,134.3,146,,,,,,,,,,
1099760A,Onkani ADC,5,-18.17,15.44,1097,2020,257.9,300.8,,,,,,,,,,
1099760A,Onkani ADC,5,-18.17,15.44,1097,2021,,50,234.2,19.8,2,0,0,0,0,0,10.3,85.5
1099760A,Onkani ADC,5,-18.17,15.44,1097,2022,46.4,81.4,50.5,26.5,0,0,0,0,0,0,24,11.6
1099760A,Onkani ADC,5,-18.17,15.44,1097,2023,122.4,4.5,53.3,4.5,0,0,0,0,0,0,70.5,48.5
1099760A,Onkani ADC,5,-18.17,15.44,1097,2024,148,75.3,35.9,,,,,,,,,
1101641A,Onankali ADC,5,-18.19,16.38,1098,2019,52,,,0,0,0,0,0,0,5.9,14,133.7
1101641A,Onankali ADC,5,-18.19,16.38,1098,2021,97.2,55.6,155,0,20,0,0,0,0,0,53.9,36.5
1101641A,Onankali ADC,5,-18.19,16.38,1098,2022,107.9,90,148,14.8,0,0,0,0,0,0,0,35.1
1101641A,Onankali ADC,5,-18.19,16.38,1098,2023,109.5,15.5,35,11.8,0,0,0,0,0,0,38,98.7
1101641A,Onankali ADC,5,-18.19,16.38,1098,2024,,42,,,,,,,,,,
1101828X,Namutoni,5,-18.81,16.94,,2021,147.1,90,74.7,4.5,0,0,0,0,0,11.7,46.4,24.4
1101828X,Namutoni,5,-18.81,16.94,,2022,114.8,116.1,107.1,19.8,0,0,0,0,0,4,78.3,58.7
1101828X,Namutoni,5,-18.81,16.94,,2023,148.3,70.8,15,32.8,0,0,0,,0,0,74.8,43.7
1101828X,Namutoni,5,-18.81,16.94,,2024,145,35,21.5,,,,,,,,,
1102004A,Onyuulaye ADC,5,-18.08,16.53,1101,2021,,,67,7.5,0,0,0,0,0,0,13,1
1102004A,Onyuulaye ADC,5,-18.08,16.53,1101,2022,18,105,125,19,0,0,0,0,0,0,0,11
1102004A,Onyuulaye ADC,5,-18.08,16.53,1101,2023,85,36.5,75.5,0,0,0,0,0,0,12,0,31.9
1102004A,Onyuulaye ADC,5,-18.08,16.53,1101,2024,70,1.4,0,,,,,,,,,
1102234A,Okashana ADC,5,-18.41,16.64,1099,2019,40,,,0,0,0,0,0,0,6.5,5,122.9
1102234A,Okashana ADC,5,-18.41,16.64,1099,2021,150,41.2,58,11,7.9,0,0,0,0,,,
1102234A,Okashana ADC,5,-18.41,16.64,1099,2022,5,71.6,177.5,40,0,0,0,0,0,,,
1102234A,Okashana ADC,5,-18.41,16.64,1099,2023,35.5,86.8,62.6,0,0,0,0,0,0,0,39.5,59
1102234A,Okashana ADC,5,-18.41,16.64,1099,2024,81.4,36.3,,,,,,,,,,
1103089A,King Kauluma ADC,5,-18.49,17.06,1117,2021,,,172.9,32.4,,,0,0,0,5.5,19.5,93.8
1103089A,King Kauluma ADC,5,-18.49,17.06,1117,2022,136.2,133.7,111.7,56.3,0,0,0,0,0,13.9,43.9,50.3
1103089A,King Kauluma ADC,5,-18.49,17.06,1117,2023,168.8,0,112.7,6.4,6.4,0,0,,0,0,126.8,109.6
1103089A,King Kauluma ADC,5,-18.49,17.06,1117,2024,180.7,42.9,70.8,,,,,,,,,
11031345,Kakuse,5,-18.73,17.58,,2019,49,29.5,15,14,0,0,0,0,0,0,56,165.5
11031345,Kakuse,5,-18.73,17.58,,2020,180,222,32,34,,,,,,,,
11031345,Kakuse,5,-18.73,17.58,,2021,,,106.1,0,0,0,0,0,,,,
1103598A,Okapya LDC,5,-18.47,17.34,1143,2020,,,,,,,,,,0,52.5,102.5
1103598A,Okapya LDC,5,-18.47,17.34,1143,2021,295.3,134,,,,,,,,,,
1103598A,Okapya LDC,5,-18.47,17.34,1143,2022,205.1,90.1,270.9,21.9,0,0,0,0,0,31.4,4.5,72.3
1103598A,Okapya LDC,5,-18.47,17.34,1143,2023,295.8,114.4,51.4,26,26,0.2,0,0,0.1,0.2,165.1,67.2
1103598A,Okapya LDC,5,-18.47,17.34,1143,2024,79,52.7,40.6,,,,,,,,,
11042024,Choantsas,5,-18.86,18.13,,2019,45.5,20.5,,,,0,0,0,0,0,9.5,85.5
11042024,Choantsas,5,-18.86,18.13,,2020,80.5,260.5,102.5,26.5,0,0,0,0,0,0,58.5,112
11042024,Choantsas,5,-18.86,18.13,,2021,193,91,41.1,12,0,0,0,0,0,66,29,32
11042024,Choantsas,5,-18.86,18.13,,2022,286,91,41.5,16,0,0,0,0,0,23.1,56.5,61
11042024,Choantsas,5,-18.86,18.13,,2023,289.5,49.5,92.5,4,0,0,0,,0,0,98,63.5
11042024,Choantsas,5,-18.86,18.13,,2024,86.9,45.1,96,,,,,,,,,
11045356,Koukuas,5,-18.92,18.3,,2019,39.1,44,,,,,,,,,,
11057372,Mururani,5,-18.79,18.93,,2019,19.5,55,45.3,30,0,0,0,0,0,16,10.9,89
11057372,Mururani,5,-18.79,18.93,,2020,95,56,116,20,0,0,0,0,0,0,118,91
11057372,Mururani,5,-18.79,18.93,,2021,230.5,304.1,27,4.8,0,0,0,0,0,64,23,65
11057372,Mururani,5,-18.79,18.93,,2022,59.5,134.5,141,41.8,0,0,0,0,0,20,91.5,12.5
11057372,Mururani,5,-18.79,18.93,,2023,164.5,164.5,119.5,31,0,0,0,,0,0,40,29
11057372,Mururani,5,-18.79,18.93,,2024,64.2,0.6,48,,,,,,,,,
1107822A,Ncamagoro ADC,5,-18.2,19.48,1166,2019,42,71,0,0,0,0,0,0,0,0,18,79.6
1107822A,Ncamagoro ADC,5,-18.2,19.48,1166,2021,,,,,0,0,0,0,0,20,51,63
1107822A,Ncamagoro ADC,5,-18.2,19.48,1166,2022,243,78,62,27,0,0,0,0,0,0,46,31
1107822A,Ncamagoro ADC,5,-18.2,19.48,1166,2023,,121,,,,,,,,,,
1107822A,Ncamagoro ADC,5,-18.2,19.48,1166,2024,,146,,,,,,,,,,
11085628,Ncaute ADC,5,-18.37,19.83,1099,2021,,,,,,,,,,20,17,55.6
11085628,Ncaute ADC,5,-18.37,19.83,1099,2022,218.9,145,205.3,81.2,60,0,0,0,0,0,58,48.5
11085628,Ncaute ADC,5,-18.37,19.83,1099,2023,130.3,142,,,,,,,,,,
1143083A,Okahao ADC,5,-17.89,15.07,1109,2020,,,,,,,,,7,0,19,59
1143083A,Okahao ADC,5,-17.89,15.07,1109,2021,0,4.9,12.1,2,1.7,0,0,0,0,0,16,59
1143083A,Okahao ADC,5,-17.89,15.07,1109,2022,23.5,107,73,56,0,0,0,0,0,2,7,0
1143083A,Okahao ADC,5,-17.89,15.07,1109,2023,139.9,4,53.9,2,0,0,0,0,0,0,46.4,156
1143819A,Oshikuku ADC,5,-17.65,15.47,1105,2021,,51,265,0,5,0,0,0,0,0,24.5,2
1143819A,Oshikuku ADC,5,-17.65,15.47,1105,2022,76.3,135.5,131,85.3,0,0,0,0,0,6,0,0
1143819A,Oshikuku ADC,5,-17.65,15.47,1105,2023,94,8,35,0,0,0,0,0,0,0,19,69
1143819A,Oshikuku ADC,5,-17.65,15.47,1105,2024,115.5,108,20,,,,,,,,,
1144021A,Etanga ADC,5,-17.86,13.03,1180,2021,0.7,5.7,1,0,0,0,0,0,0,0,0,0
1144021A,Etanga ADC,5,-17.86,13.03,1180,2022,24.2,101,0,0,0,0,0,0,0,0,0,0
1144021A,Etanga ADC,5,-17.86,13.03,1180,2023,0,0,0,0,,,,,0,0,,
1145570A,Otjisoko-Tjongava ADC,5,-18.01,13.82,1072,2021,,,,,,0,0,0,0,0,12.3,1.2
1145570A,Otjisoko-Tjongava ADC,5,-18.01,13.82,1072,2022,18.6,137.6,74.1,13,0,0,0,0,0,0,0,0
1145570A,Otjisoko-Tjongava ADC,5,-18.01,13.82,1072,2023,,,62.2,10.5,,,,,,,,
1145573C,Opuwo,5,-18.05,13.84,1165,2019,,,,,0,0,0,0,0,45.1,19.5,153.4
1145573C,Opuwo,5,-18.05,13.84,1165,2020,31,110.4,30.5,28,0,0,0,0,0,0,0,0
1145573C,Opuwo,5,-18.05,13.84,1165,2021,20,22,114.5,0,0,0,0,0,0,0,27.5,54
1145573C,Opuwo,5,-18.05,13.84,1165,2022,0,136,69.3,0,0,0,0,0,0,0,0,13
1145573C,Opuwo,5,-18.05,13.84,1165,2023,62.2,12.5,0,0,0,0,0,,0,0,28.5,24
1145573C,Opuwo,5,-18.05,13.84,1165,2024,0,34,75,,,,,,,,,
1148594A,Onaanda ADC,5,-17.91,15.35,1097,2019,,26.5,20.5,9,,,,,,5,14,111.5
1148594A,Onaanda ADC,5,-17.91,15.35,1097,2020,195,56.8,,,,,,,,,,195
1149083A,Okaukamashe ADC,5,-17.9,15.56,1090,2021,79,70,159,35,10.5,0,0,0,0,0,5,0
1149083A,Okaukamashe ADC,5,-17.9,15.56,1090,2022,26,93.5,64.8,68,0,0,0,0,0,56,0,12.3
1149083A,Okaukamashe ADC,5,-17.9,15.56,1090,2023,205,5.5,78.4,0,0,0,0,0,0,0,105,127
1149083A,Okaukamashe ADC,5,-17.9,15.56,1090,2024,157.5,68,,,,,,,,,,
1149167A,Uukwangula ADC,5,-17.79,15.61,1093,2021,101,22,170.5,24.5,10,0,0,0,0,0,26.8,37
1149167A,Uukwangula ADC,5,-17.79,15.61,1093,2022,24.8,67,38,62,0,0,0,0,0,2.9,7.8,22.5
1149167A,Uukwangula ADC,5,-17.79,15.61,1093,2023,78.2,19,85,0,0,0,0,0,0,3,36,37
1149167A,Uukwangula ADC,5,-17.79,15.61,1093,2024,141,67,49,,,,,,,,,
1149299A,Okatyali ADC,5,-18.05,15.96,1096,2020,61,90.5,31,0,0,0,0,0,0,0,0,0
1149299A,Okatyali ADC,5,-18.05,15.96,1096,2021,80,68,161,12,22,0,0,0,0,0,22,17
1149299A,Okatyali ADC,5,-18.05,15.96,1096,2022,60,86.6,202,48,0,0,0,0,0,5,9,20
1149299A,Okatyali ADC,5,-18.05,15.96,1096,2023,132.5,10,53.5,0,0,0,0,0,2,0,,
1149299A,Okatyali ADC,5,-18.05,15.96,1096,2024,120,47,4,,,,,,,,,
1149633A,Uukwiyu-Uushona ADC,5,-18.02,15.92,1094,2021,148,94,198,44,25,0,0,0,0,0,22,20.5
1149633A,Uukwiyu-Uushona ADC,5,-18.02,15.92,1094,2022,30,65.9,,0,0,0,0,0,0,,,
1149633A,Uukwiyu-Uushona ADC,5,-18.02,15.92,1094,2023,,,,0,0,0,0,0,0,0,,
1149633A,Uukwiyu-Uushona ADC,5,-18.02,15.92,1094,2024,,,14,,,,,,,,,
11496557,Eheke ,5,-17.93,15.87,1091,2021,,,174.3,0,36.8,0,0,0,0,0,34.1,160.7
11496557,Eheke ,5,-17.93,15.87,1091,2022,35,75.4,51.1,83.5,0,0,0,0,0,0,10.3,0
11496557,Eheke ,5,-17.93,15.87,1091,2023,49.5,0,119.5,7,0,0,0,0,0,13.7,23,84.2
11496557,Eheke ,5,-17.93,15.87,1091,2024,205,57.3,55.8,,,,,,,,,
1149728A,Ongha ADC,5,-17.43,16.71,1097,2021,,,232.5,16,21,0,0,0,0,0.4,44,33
1149728A,Ongha ADC,5,-17.43,16.71,1097,2022,52,151,146,35.5,0,0,0,0,0,38,11,10
1149728A,Ongha ADC,5,-17.43,16.71,1097,2023,281,45.5,97.5,23,0,0,0,0,0,0,144,129
1149728A,Ongha ADC,5,-17.43,16.71,1097,2024,169,40.1,30,,,,,,,,,
11498347,Ondangwa DVS,5,-17.91,15.97,1104,2020,169,101,8,56,0,,,,,24,9,78.7
11498347,Ondangwa DVS,5,-17.91,15.97,1104,2021,136,84,373,0,92,0,0,0,0,1,19,98
11498347,Ondangwa DVS,5,-17.91,15.97,1104,2022,56.5,112,120.8,39,0,0,0,0,0,26,10.5,10.6
11498347,Ondangwa DVS,5,-17.91,15.97,1104,2023,72,3,70.5,0,0,0,0,,0,0,,
1149880A,Engombe ADC,5,-18.12,15.54,1088,2019,33,0,4,37.5,0,0,0,0,0,0,51,
1149880A,Engombe ADC,5,-18.12,15.54,1088,2020,,,,,0,0,0,0,3,0,12.5,85.5
1149880A,Engombe ADC,5,-18.12,15.54,1088,2021,107,65.5,197.5,19.5,58,0,0,0,0,0,22,66
1149880A,Engombe ADC,5,-18.12,15.54,1088,2022,27,104.5,96,65,0,0,0,0,0,4,9,7
1149880A,Engombe ADC,5,-18.12,15.54,1088,2023,117,0,33,5.4,0,0,0,0,0,0,20,96.5
1149880A,Engombe ADC,5,-18.12,15.54,1088,2024,99.5,39,11,,,,,,,,,
11500295,Olukonda ADC,5,-18,16.02,1097,2022,53.8,128,167.6,53.1,0,0,0,0,0,0.5,5,9.3
11500295,Olukonda ADC,5,-18,16.02,1097,2023,114.9,10,80.5,0,0,0,0,0,0,0,33,58.5
11500295,Olukonda ADC,5,-18,16.02,1097,2024,127.1,52.8,22.9,,,,,,,,,
1150223A,Ongula ya Netanga,5,-17.72,16.14,1102,2020,,,,,0,0,0,,,0,46.1,22
1150223A,Ongula ya Netanga,5,-17.72,16.14,1102,2021,163,0,133,3,66,0,0,,0,11,,81
1150223A,Ongula ya Netanga,5,-17.72,16.14,1102,2022,8.5,145.5,143.5,17,0,0,0,0,0,0.6,16,0
1150223A,Ongula ya Netanga,5,-17.72,16.14,1102,2023,239,15,46,0,0,0,0,0,0,0,14,53
1150223A,Ongula ya Netanga,5,-17.72,16.14,1102,2024,120,38,0,,,,,,,,,
1150326A,Onayena ADC,5,-17.95,16.2,1094,2019,44.5,37.5,42,2,0,0,0,0,0,16,7.5,106.5
1150326A,Onayena ADC,5,-17.95,16.2,1094,2021,150,43.8,128,25,34,0,0,0,0,0,45.5,65
1150326A,Onayena ADC,5,-17.95,16.2,1094,2022,47.5,168,157,10,0,0,0,0,0,25,14,20.1
1150326A,Onayena ADC,5,-17.95,16.2,1094,2023,206,14,0,0,0,0,0,0,0,0,45.3,71.4
1150326A,Onayena ADC,5,-17.95,16.2,1094,2024,119.5,46.5,59,,,,,,,,,
1150404A,Omuntele ADC,5,-18.24,16.24,1089,2021,,110,76,6,28,0,0,0,0,0,42.1,32.8
1150404A,Omuntele ADC,5,-18.24,16.24,1089,2022,85.7,79.7,208.5,75,0,0,0,0,0,0,27,0
1150404A,Omuntele ADC,5,-18.24,16.24,1089,2023,97.1,63.5,19,0,0,0,0,0,0,0,34.2,33
1150404A,Omuntele ADC,5,-18.24,16.24,1089,2024,109,50,32.5,,,,,,,,,
1150797A,Epembe ADC,5,-17.79,16.46,1118,2019,,,93.3,9,,,,,,,42,186
1150797A,Epembe ADC,5,-17.79,16.46,1118,2020,235,200,,,,,,,,0,80,20
1150797A,Epembe ADC,5,-17.79,16.46,1118,2021,121,51,168.5,8,35,0,0,0,0,20,28,61
1150797A,Epembe ADC,5,-17.79,16.46,1118,2022,90,295,243.9,0,0,0,0,0,0,0,7.3,20.8
1150797A,Epembe ADC,5,-17.79,16.46,1118,2023,394,14,165,14,0,0,0,0,0,0,58,120
1150797A,Epembe ADC,5,-17.79,16.46,1118,2024,112.5,55,0,,,,,,,,,
1151423A,Oshikunde ADC,5,-17.57,16.75,1131,2021,,16,113,0,35,0,0,0,0,0,0,87
1153362A,Omauni ADC,5,-17.54,17.72,1148,2021,230,152,95.6,5,11,0,0,0,0,0,26,26
1153362A,Omauni ADC,5,-17.54,17.72,1148,2022,117,118,252,0,0,0,0,0,0,35,14,84
1153362A,Omauni ADC,5,-17.54,17.72,1148,2023,313,86,92,20,0,0,0,0,0,2,65,100.5
1153362A,Omauni ADC,5,-17.54,17.72,1148,2024,190.4,59.9,22.2,,,,,,,,,
11573874,Rundu Airport_manual,5,-17.96,19.73,1103,2021,265.5,210,49.2,0,1.5,0,0,0,0,10.5,18.6,53
11573874,Rundu Airport_manual,5,-17.96,19.73,1103,2022,146,106.2,68,14.6,0,0,0,0,0,10.2,47.8,82
11573874,Rundu Airport_manual,5,-17.96,19.73,1103,2023,117.5,87,54.7,0,2.5,0,0,0,0,7.5,33.9,76
11573874,Rundu Airport_manual,5,-17.96,19.73,1103,2024,105.4,25.4,28.1,,,,,,,,,
11575349,Kaisosi ADC,5,-17.9,19.81,,2021,294,64,0,0,0,0,0,0,0,25.5,42.7,0.2
11575349,Kaisosi ADC,5,-17.9,19.81,,2022,259,213.3,86,0,0,0,0,0,0,4.5,18,23.3
11575349,Kaisosi ADC,5,-17.9,19.81,,2023,162,196.9,84,14.8,0,0,0,0,,45,5.9,95.5
11575349,Kaisosi ADC,5,-17.9,19.81,,2024,203,53.9,26,,,,,,,,,
1159332A,Ndiyona ADC,5,-18.04,20.7,,2019,67.3,110,9,0,0,0,0,0,0,3.2,,46
1159332A,Ndiyona ADC,5,-18.04,20.7,,2020,181,163.6,165.1,19.3,0,0,0,,,,,
1159332A,Ndiyona ADC,5,-18.04,20.7,,2021,349.8,210.4,71.3,0,0,0,0,,0,13.7,73.8,92.8
1159332A,Ndiyona ADC,5,-18.04,20.7,,2022,184.5,71.5,158.1,17.4,10,0,0,0,0,6,60.5,66.5
1159332A,Ndiyona ADC,5,-18.04,20.7,,2023,171,117,45.5,3.5,3.5,0,0,,0,0,2,127
1159332A,Ndiyona ADC,5,-18.04,20.7,,2024,157.5,115.5,14.5,,,,,,,,,
1160055A,Mukwe ADC,5,-18.04,21.43,,2019,,,,,,,,,,18,13,37.5
1160055A,Mukwe ADC,5,-18.04,21.43,,2021,,,,,0,0,0,0,0,36,70,55.5
1160055A,Mukwe ADC,5,-18.04,21.43,,2022,219.5,65,220,2.5,0,0,0,0,0,5,92,106.5
1160055A,Mukwe ADC,5,-18.04,21.43,,2023,127.4,101,150,0,1,0,0,0,0,5,18,134.6
1160055A,Mukwe ADC,5,-18.04,21.43,,2024,128,97,,,,,,,,,,
1198211A,Eunda ADC,5,-17.52,14.63,,2019,16.8,42.3,0,16,0,0,0,0,,,,98
1198211A,Eunda ADC,5,-17.52,14.63,,2020,64,108.9,,,,,,,,,,
1198211A,Eunda ADC,5,-17.52,14.63,,2024,54.7,63,,,,,,,,,,
1198305A,Onesi ADC,5,-17.59,14.68,1112,2019,30.9,13.1,10.4,0,0,0,0,0,0,16.5,11.4,70.7
1198305A,Onesi ADC,5,-17.59,14.68,1112,2020,182.4,150.8,119.3,7.5,0,0,0,0,0,0,18.5,17
1198305A,Onesi ADC,5,-17.59,14.68,1112,2021,105,0,89.9,0,0,0,0,0,0,0,27,15
1198305A,Onesi ADC,5,-17.59,14.68,1112,2022,52.5,83.6,100.1,27.7,0,0,0,0,0,0,16,15.4
1198305A,Onesi ADC,5,-17.59,14.68,1112,2023,260.9,0,74.5,2,0,0,0,,0,0,103.9,64
1198305A,Onesi ADC,5,-17.59,14.68,1112,2024,27,145.9,50,,,,,,,,,
1198644A,Tsandi ADC,5,-17.74,14.88,1110,2020,,,,,0,0,0,0,14,0,0,0
1198644A,Tsandi ADC,5,-17.74,14.88,1110,2021,141.5,0,111.9,17,18,0,0,0,0,0,26,19
1198644A,Tsandi ADC,5,-17.74,14.88,1110,2022,40.1,56.5,121,47.5,0,0,0,0,0,18,3,3
1198644A,Tsandi ADC,5,-17.74,14.88,1110,2023,171.5,8,67.2,21,0,0,0,,0,0,46.5,111
1198644A,Tsandi ADC,5,-17.74,14.88,1110,2024,91,106.5,21.6,,,,,,,,,
1199001A,Outapi ADC,5,-17.51,14.99,1115,2019,13.3,0,12.3,,,,,,,,,
1199001A,Outapi ADC,5,-17.51,14.99,1115,2020,69.5,72.7,76.4,0,0,0,0,0,23,0,23.6,37.9
1199001A,Outapi ADC,5,-17.51,14.99,1115,2021,125,42,198,0,0,0,0,0,0,0,41.7,16.5
1199001A,Outapi ADC,5,-17.51,14.99,1115,2022,120,105.2,68.5,88.5,0,0,0,0,0,0,0,19.5
1199001A,Outapi ADC,5,-17.51,14.99,1115,2023,323.4,0.7,12.7,26.4,0,0,0,,0,0,58.9,210.1
1199001A,Outapi ADC,5,-17.51,14.99,1115,2024,118.6,124,10.6,,,,,,,,,
11998208,Oshikuku (closed),5,-17.67,15.47,,2019,28,57,27,19.7,,,,,,11,9,111
11998208,Oshikuku (closed),5,-17.67,15.47,,2020,126,,,,,,,,,,,
1200003A,Etayi ADC,5,-17.55,15.53,1101,2019,0,,32.4,15,0,0,0,0,0,0,0,57
1200003A,Etayi ADC,5,-17.55,15.53,1101,2021,65,,,,0,0,0,0,0,0,32.5,0
1200003A,Etayi ADC,5,-17.55,15.53,1101,2022,115,197.6,125.5,43,0,0,0,0,0,18,64.5,55.5
1200003A,Etayi ADC,5,-17.55,15.53,1101,2023,174.5,7,110.9,0,0,0,0,0,0,0,30.5,54.5
1200003A,Etayi ADC,5,-17.55,15.53,1101,2024,110,167,,,,,,,,,,
1200354A,Ompundja ADC,5,-17.91,15.7,1087,2019,,,,0,0,0,0,0,0,,,
1200354A,Ompundja ADC,5,-17.91,15.7,1087,2020,,,,0,0,0,0,0,9.5,0,45,90.5
1200354A,Ompundja ADC,5,-17.91,15.7,1087,2021,48,,,,0,0,0,0,0,,,
1200354A,Ompundja ADC,5,-17.91,15.7,1087,2022,,,,,0,0,0,0,0,,,
1200354A,Ompundja ADC,5,-17.91,15.7,1087,2023,,,,,0,0,0,0,0,0,39,37
1200354A,Ompundja ADC,5,-17.91,15.7,1087,2024,36.6,85,57,,,,,,,,,
1200355A,Enguwantale ADC,5,-17.99,15.69,1097,2021,,26.8,196.3,12,4.8,0,0,0,0,0,21.8,86
1200355A,Enguwantale ADC,5,-17.99,15.69,1097,2022,33,38.7,54.4,50,0,0,0,0,0,3,20.5,34.2
1200355A,Enguwantale ADC,5,-17.99,15.69,1097,2023,161.8,0,59.7,0,0,0,0,0,0,0,66.8,22.5
1200355A,Enguwantale ADC,5,-17.99,15.69,1097,2024,209.9,,,,,,,,,,,
1200396A,Endola ADC,5,-17.61,15.74,,2019,52,25,29,48,0,0,0,0,0,0,23,170
1200396A,Endola ADC,5,-17.61,15.74,,2021,78,23,150,0,0,0,0,0,0,0,16,
1200396A,Endola ADC,5,-17.61,15.74,,2022,65,120.5,157.9,0,0,0,0,0,0,10,22,54.7
1200436A,Ongwediva ADC,5,-17.79,15.77,1099,2019,,,,,,,,,,64.5,63.6,240
1200436A,Ongwediva ADC,5,-17.79,15.77,1099,2021,,59.8,239.5,1.7,12,0,0,0,0,0,41.1,76.5
1200436A,Ongwediva ADC,5,-17.79,15.77,1099,2022,82.5,114,99.5,80,0,0,0,0,0,10,7,34
1200436A,Ongwediva ADC,5,-17.79,15.77,1099,2023,34,8,30,0,0,0,0,0,0,7,46.4,55
1200436A,Ongwediva ADC,5,-17.79,15.77,1099,2024,187,96,37,,,,,,,,,
1200441A,Okaku ADC,5,-17.82,15.93,,2021,,32.3,186.5,0,21,0,0,0,0,0,19.8,
1200441A,Okaku ADC,5,-17.82,15.93,,2022,75,104.4,93.4,66.5,0,0,0,0,0,12,32.5,31
1200441A,Okaku ADC,5,-17.82,15.93,,2023,93.9,11,77.8,7.1,0,0,0,0,0,0,67.9,55.4
1200441A,Okaku ADC,5,-17.82,15.93,,2024,77,41.6,10,,,,,,,,,
12008349,Ondangwa Airport AWS,5,-17.9,15.97,1080,2022,,,,0,0,0,0,0,,,,
1200834X,Ondangwa_Manual,5,-17.88,15.95,1103,2019,46.7,28.1,38.6,0,0,0,0,0,0,10,16.2,133
1200834X,Ondangwa_Manual,5,-17.88,15.95,1103,2020,239.5,172,11.5,71.2,0,0,0,0,0,0,25.1,71.7
1200834X,Ondangwa_Manual,5,-17.88,15.95,1103,2021,57.7,80.8,81,2.6,38,0,0,0,0,1,11.9,46.6
1200834X,Ondangwa_Manual,5,-17.88,15.95,1103,2022,72.4,64.2,110.4,0,0,0,0,0,0,24.8,5,1.2
1200834X,Ondangwa_Manual,5,-17.88,15.95,1103,2023,86.4,0.2,0,0,0,0,0,0,0,0,22.3,91.8
1200834X,Ondangwa_Manual,5,-17.88,15.95,1103,2024,90.8,32.6,45.6,,,,,,,,,
1200865A,Ondangwa ADC,5,-17.92,15.98,,2021,57.7,,212.1,,,,,,,,,
1201061A,Ondobe ADC,5,-17.52,16.05,,2019,62.9,76,51,,,,,,,,,
1201061A,Ondobe ADC,5,-17.52,16.05,,2020,133.2,353.4,85.4,49.5,,,,,,14,145.8,58
1201061A,Ondobe ADC,5,-17.52,16.05,,2021,125.5,36.5,286,6,35,0,0,0,0,,,
1201107A,Oshigambo ADC,5,-17.79,16.07,1107,2021,,34,174.7,31.1,9.3,0,0,0,0,0,30.2,109.5
1201107A,Oshigambo ADC,5,-17.79,16.07,1107,2022,37.1,175.2,231.2,13,0,0,0,0,0,2.3,5,21.8
1201107A,Oshigambo ADC,5,-17.79,16.07,1107,2023,178,35,103,4,0,0,0,0,0,0,57.3,98.1
1201107A,Oshigambo ADC,5,-17.79,16.07,1107,2024,124,82,29,,,,,,,,,
1203363A,Okongo ADC,5,-17.57,17.22,,2019,115,86.5,44,27,0,0,0,0,0,0,29,134.6
1203363A,Okongo ADC,5,-17.57,17.22,,2020,169.5,163.4,61.5,0,,,,,,,,
1205370A,Mpungu ADC,5,-17.67,18.23,,2019,39.1,55.1,83.1,0,0,0,0,0,0,14.2,19.9,92.9
1205370A,Mpungu ADC,5,-17.67,18.23,,2020,156.5,152.2,,,0,0,0,0,17,0,155.8,
1205370A,Mpungu ADC,5,-17.67,18.23,,2021,242.8,191.5,0,0,0,0,0,0,0,11,68,166
1205370A,Mpungu ADC,5,-17.67,18.23,,2022,137,124,100,0,0,0,0,0,0,13,25,43
1205370A,Mpungu ADC,5,-17.67,18.23,,2023,211.4,56.5,51.8,27,0,0,0,0,0,1.8,40.8,116
1205370A,Mpungu ADC,5,-17.67,18.23,,2024,117.3,21,18.3,,,,,,,,,
1206280A,Kahenge ADC,5,-17.68,18.66,,2019,,,,,,,,,,4,34.4,158
1206280A,Kahenge ADC,5,-17.68,18.66,,2021,197.1,123,41.5,0,3,0,0,0,2.5,11.5,47,61
1206280A,Kahenge ADC,5,-17.68,18.66,,2022,250,142.5,109.5,35,0,0,0,0,0,15,47,41
1206280A,Kahenge ADC,5,-17.68,18.66,,2023,97,96.5,57.7,3,0,0,0,0,0,0,37,149
1206280A,Kahenge ADC,5,-17.68,18.66,,2024,206.5,49,15,,,,,,,,,
1207080A,Rupara ADC,5,-17.84,19.05,1085,2021,172,234.5,59,0,17,0,0,0,0,21,23,31
1207080A,Rupara ADC,5,-17.84,19.05,1085,2022,315.1,,,,,,,,,,,
12076214,Bunja (Sambusu) Mission,5,-17.85,19.35,,2019,129.3,64.3,13.6,21.5,,,,,,,,
12076214,Bunja (Sambusu) Mission,5,-17.85,19.35,,2020,,24,11.1,,,24,,,,,,
1208052A,Ruuga ADC,5,-17.87,19.53,,2019,65,28.5,18.5,28,0,0,0,0,0,2.5,37,119.1
1208052A,Ruuga ADC,5,-17.87,19.53,,2021,106.2,,,,,,,,,,,
1208052A,Ruuga ADC,5,-17.87,19.53,,2022,,131,,,,,,,,,,
1208052A,Ruuga ADC,5,-17.87,19.53,,2023,35,154.5,46.9,0,,0,0,0,0,0,38,80
1208052A,Ruuga ADC,5,-17.87,19.53,,2024,,25,,,,,,,,,,
12084758,Rundu_Manual (closed),5,-17.92,19.75,,2019,44.8,64.3,45.6,23.8,0,0,0,0,0,2.1,19.4,
12084758,Rundu_Manual (closed),5,-17.92,19.75,,2020,80.5,241,,,0,,0,,,,123.9,182.4
12084758,Rundu_Manual (closed),5,-17.92,19.75,,2021,265.5,,,,,,,,,,,
1208475A,Rundu ADC,5,-17.91,19.77,1104,2021,,,,,0,0,0,0,0,10.5,60.5,88
1208475A,Rundu ADC,5,-17.91,19.77,1104,2022,186.2,98,53.7,28.2,0,0,0,0,0,4.2,48,72.2
1208475A,Rundu ADC,5,-17.91,19.77,1104,2023,88.5,114.3,71,0,2.5,0,0,0,0,14.5,23.1,78.3
1208475A,Rundu ADC,5,-17.91,19.77,1104,2024,171.8,16.2,62.7,,,,,,,,,
1209323A,Mashare ADC,5,-17.9,20.21,1071,2019,118.5,118.5,9,20,0,0,0,0,0,0,0,64
1209323A,Mashare ADC,5,-17.9,20.21,1071,2020,215.5,250,141,0,0,0,0,0,0,4,81,120.2
1209323A,Mashare ADC,5,-17.9,20.21,1071,2021,313.3,287.8,52,0,0,0,0,0,0,21,47.7,67
1209323A,Mashare ADC,5,-17.9,20.21,1071,2022,193.2,155.2,180.4,37,0,0,0,0,0,,,83.5
1209323A,Mashare ADC,5,-17.9,20.21,1071,2023,136.8,7,46.5,1.6,0,0,0,,0,0,74.8,86.4
1209323A,Mashare ADC,5,-17.9,20.21,1071,2024,191.5,24.5,,,,,,,,,,
1210029A,Ndonga-Linena ADC,5,-17.98,20.52,,2019,42,81,24,17,0,0,0,0,0,5,52,57
1210029A,Ndonga-Linena ADC,5,-17.98,20.52,,2020,107.5,278.4,63.5,0,0,0,0,0,0,0,74,21
1210029A,Ndonga-Linena ADC,5,-17.98,20.52,,2021,287,214,80,0,0,0,0,0,0,14,42,133
1210029A,Ndonga-Linena ADC,5,-17.98,20.52,,2022,173.5,79,0,24,0,0,0,0,0,7,45,67.5
1210029A,Ndonga-Linena ADC,5,-17.98,20.52,,2023,185,45,59.5,0,3,0,0,,0,10,0,80.5
1210029A,Ndonga-Linena ADC,5,-17.98,20.52,,2024,158.5,40.5,0,,,,,,,,,
1214682A,Omega III ADC,5,-17.87,22.9,,2020,,,,,,,,,,0,228,214
1214682A,Omega III ADC,5,-17.87,22.9,,2021,235,,,,,,,,,,,
1214682A,Omega III ADC,5,-17.87,22.9,,2022,273.5,125.5,103,120,0,0,0,0,0,0,81.5,51.2
1214682A,Omega III ADC,5,-17.87,22.9,,2023,446.2,143.1,104,0,0,0,0,0,0,0,18.5,284.7
1214682A,Omega III ADC,5,-17.87,22.9,,2024,129,9.6,8,,,,,,,,,
1215678A,Kongola ADC,5,-17.82,23.4,,2021,,205.1,14.6,0,0,0,0,0,0,10.3,46.3,111
1215678A,Kongola ADC,5,-17.82,23.4,,2022,271.9,38.3,101.9,0,0,0,0,0,0,0,154.3,52.1
1215678A,Kongola ADC,5,-17.82,23.4,,2023,124.1,23.5,126.3,2.9,0,0,0,0,0,15.1,5.4,105.3
1215678A,Kongola ADC,5,-17.82,23.4,,2024,161,31.5,0,,,,,,,,,
1215772A,Sachona ADC,5,-17.97,23.45,963,2019,43.2,70.5,0,7.5,0,0,0,0,0,1,110,56.8
1215772A,Sachona ADC,5,-17.97,23.45,963,2020,120.6,108.7,195.6,0,0,0,0,0,0,0,299.3,252.8
1215772A,Sachona ADC,5,-17.97,23.45,963,2021,175.8,205.5,45.9,0.2,0,0,0,0,0,0,7.3,105.2
1215772A,Sachona ADC,5,-17.97,23.45,963,2022,223.7,12,209.7,60.1,0,0,0,0,0,1.3,105.1,43.2
1215772A,Sachona ADC,5,-17.97,23.45,963,2023,219.7,91.5,75.6,0.7,0,0,0,,0,0,32,119.6
1215772A,Sachona ADC,5,-17.97,23.45,963,2024,169.7,14,6.4,,,,,,,,,
1216556A,Sibbinda ADC,5,-17.78,23.82,956,2019,74,188.5,0,6,0,0,0,0,0,12,0,150
1216556A,Sibbinda ADC,5,-17.78,23.82,956,2020,90,79.7,78,7,0,0,0,0,0,0,61,148
1216556A,Sibbinda ADC,5,-17.78,23.82,956,2021,126.7,117.8,0,0,0,0,0,0,0,0,49,129.4
1216556A,Sibbinda ADC,5,-17.78,23.82,956,2022,309.7,0,105.7,72.2,0,0,0,0,0,0,132.6,76.3
1216556A,Sibbinda ADC,5,-17.78,23.82,956,2023,195.8,161.2,94,0,0,0,0,,0,0,48,199.3
1216556A,Sibbinda ADC,5,-17.78,23.82,956,2024,164.6,9.2,17.4,,,,,,,,,
1217248A,Kasheshe ADC,5,-17.66,24.14,,2021,,197,27,10,0,0,0,0,0,7,21,60
1217248A,Kasheshe ADC,5,-17.66,24.14,,2022,405,14,144,21,0,0,0,0,0,0,53,131
1217248A,Kasheshe ADC,5,-17.66,24.14,,2023,248,140,66,0,0,0,0,0,0,0,38,95
1217248A,Kasheshe ADC,5,-17.66,24.14,,2024,204,0,5,,,,,,,,,
1218042A,Bukalo ADC,5,-17.71,24.53,,2019,96,191.5,0,,0,0,0,0,0,1.2,150.2,88.5
1218042A,Bukalo ADC,5,-17.71,24.53,,2020,380.5,147.2,48.4,0,0,0,0,0,0,0,143.2,351
1218042A,Bukalo ADC,5,-17.71,24.53,,2021,86.4,196,0,0,0,0,0,0,0,3.6,59.2,75.4
1218042A,Bukalo ADC,5,-17.71,24.53,,2022,291.8,0,96.8,41.1,0,0,0,0,0,39,57,9.7
1218042A,Bukalo ADC,5,-17.71,24.53,,2023,187,122,0,0,0,0,0,,0,0,6.6,94.7
1218042A,Bukalo ADC,5,-17.71,24.53,,2024,184.7,14,20,,,,,,,,,
1218042B,Chichimane ADC,5,-17.98,24.12,,2019,120,91.8,14,0,0,0,0,0,0,8,27,117.2
1218042B,Chichimane ADC,5,-17.98,24.12,,2021,224.5,106.7,0,0,25,0,0,0,0,0,20.2,93.5
1218042B,Chichimane ADC,5,-17.98,24.12,,2022,170.9,35,50.8,45,0,0,0,0,0,5,98.5,58
1218042B,Chichimane ADC,5,-17.98,24.12,,2023,52.8,111.6,57.1,0,0,0,0,,0,0,30.2,50
1218042B,Chichimane ADC,5,-17.98,24.12,,2024,169.3,25.5,23.5,,,,,,,,,
1218355A,Ngoma ADC,5,-17.92,24.71,,2019,122.8,341.5,16,0,0,0,0,0,1.6,0,62.7,121.8
1218355A,Ngoma ADC,5,-17.92,24.71,,2020,183.4,93.5,113,0,0,0,0,0,0,6,200.5,248
1218355A,Ngoma ADC,5,-17.92,24.71,,2021,222.6,306.6,3.5,3.5,0,0,0,0,0,0,77,110.5
1218355A,Ngoma ADC,5,-17.92,24.71,,2022,254.1,20.7,198,26,0,0,0,0,0,4,196.6,135.9
1218355A,Ngoma ADC,5,-17.92,24.71,,2023,279.5,109.6,31.8,2,0,0,0,,0,0,38,92
1218355A,Ngoma ADC,5,-17.92,24.71,,2024,68.9,21,20.4,,,,,,,,,
1247475S,Okangwati (MAWLR) AWS,5,-17.43,13.28,1081,2023,0,2,65.3,0,,,,,,,,
1247476A,Okangwati ADC,5,-17.44,13.27,1085,2021,0.7,5.6,0.5,0,0,0,0,0,0,0,0,2.1
1247476A,Okangwati ADC,5,-17.44,13.27,1085,2022,,,,,,,,,,0,0,16.2
1249746A,Oshifo ADC,5,-17.44,14.43,1138,2021,,,99.5,30,20,0,0,0,0,0,33,0
1249746A,Oshifo ADC,5,-17.44,14.43,1138,2022,85,189.1,,12,0,0,0,0,,10.5,0,22
1249746A,Oshifo ADC,5,-17.44,14.43,1138,2023,227,0,99.5,20,0,0,0,0,0,0,150,109
1249746A,Oshifo ADC,5,-17.44,14.43,1138,2024,24,141,64.5,,,,,,,,,
1251147A,Onawa ADC,5,-17.46,15.09,1105,2021,,28.6,222,7,6.4,0,0,0,0,0,33,25.5
1251147A,Onawa ADC,5,-17.46,15.09,1105,2022,79.2,81.5,220.3,40,0,0,0,0,0,6,25.5,2.5
1251147A,Onawa ADC,5,-17.46,15.09,1105,2023,191.3,13.5,52,14.5,0,0,0,0,0,0,135.4,171
1251147A,Onawa ADC,5,-17.46,15.09,1105,2024,122.8,88.9,53.7,,,,,,,,,
1252296A,Ongenga ADC,5,-17.45,15.67,1102,2019,33,53,23,10.5,0,0,0,0,0,,,
1252296A,Ongenga ADC,5,-17.45,15.67,1102,2021,,4.5,23.7,3.1,0,0,0,0,0,0,63,32
1252296A,Ongenga ADC,5,-17.45,15.67,1102,2022,53,156.5,177,122,0,0,0,0,0,0,4.2,19
1252296A,Ongenga ADC,5,-17.45,15.67,1102,2023,247.5,0,0,0,0,0,0,0,0,0,33.6,52.5
1252296A,Ongenga ADC,5,-17.45,15.67,1102,2024,86,11,18,,,,,,,,,
1252566A,Okalongo ADC,5,-17.44,15.33,1102,2019,15,43.1,32.4,0,0,0,0,0,0,11.3,18.5,114.3
1252566A,Okalongo ADC,5,-17.44,15.33,1102,2020,142.1,240,34.9,,,,,,,0,48,71.5
1252566A,Okalongo ADC,5,-17.44,15.33,1102,2021,157.5,7,159.6,,0,0,0,0,0,0,35,35.4
1252566A,Okalongo ADC,5,-17.44,15.33,1102,2022,171.6,138.2,158.5,40,0,0,0,0,0,30.9,1.5,6.5
1252566A,Okalongo ADC,5,-17.44,15.33,1102,2023,181.2,0,88.7,0,0,0,0,0,0,4.5,71.5,62.7
1252566A,Okalongo ADC,5,-17.44,15.33,1102,2024,111,326,28.9,,,,,,,,,
1252688A,Omafo ADC,5,-17.45,15.89,,2019,37.3,23.4,33.8,,,,,,,,,
1252688A,Omafo ADC,5,-17.45,15.89,,2021,,,90.6,0,0,0,0,0,0,0,51.4,36.6
1252688A,Omafo ADC,5,-17.45,15.89,,2022,33,134.4,227.7,13.6,15.9,0,0,0,,52.5,0,54.5
1252688A,Omafo ADC,5,-17.45,15.89,,2023,346,7,129.4,6.5,0,0,0,0,0,0,96.2,94.7
1252688A,Omafo ADC,5,-17.45,15.89,,2024,60.5,19,67,,,,,,,,,
1252895A,Edundja ADC,5,-17.42,16,1106,2022,20,94,175.5,1,0,0,0,0,0,29,0,0
1252895A,Edundja ADC,5,-17.42,16,1106,2023,165,8,66,0,0,0,0,0,0,0,82.1,61.3
1252895A,Edundja ADC,5,-17.42,16,1106,2024,179.6,70.3,34.2,,,,,,,,,
1253569A,Eenhana ADC,5,-17.48,16.33,,2021,,,90,0,63,0,0,0,0,0,0,51.4
1253569A,Eenhana ADC,5,-17.48,16.33,,2022,31.1,214.7,165.7,16,,,,,0,16,2.5,54
1253569A,Eenhana ADC,5,-17.48,16.33,,2023,287.8,27,56.8,9,0,0,0,0,0,1,171.4,68.5
1253569A,Eenhana ADC,5,-17.48,16.33,,2024,143.2,88.7,27.7,,,,,,,,,
12561454,Onghwiyu 1,5,-17.43,17.6,1166,2022,143.3,110.5,230.2,,,,,,,,,
12694482,Katima Mulilo Airport_Manual,5,-17.63,24.18,960,2019,,,,,,,,,,3,21.2,78.2
12694482,Katima Mulilo Airport_Manual,5,-17.63,24.18,960,2020,157.9,,,,,0,,0,,,,
12694482,Katima Mulilo Airport_Manual,5,-17.63,24.18,960,2021,110.4,180,6.4,4.4,0.2,0,0,0,0,13.6,87,69.9
12694482,Katima Mulilo Airport_Manual,5,-17.63,24.18,960,2022,285.2,9.2,129.3,,,,,,,,,
12694482,Katima Mulilo Airport_Manual,5,-17.63,24.18,960,2023,144.1,155.9,33,0,0,0,0,0,0,5.6,40.4,89.3
12694482,Katima Mulilo Airport_Manual,5,-17.63,24.18,960,2024,105.2,24.2,,,,,,,,,,
12694494,Zambezi Vocational Training Centre,5,-17.5,24.26,952,2021,,,,,,,,0,0,0,59.7,50
12694494,Zambezi Vocational Training Centre,5,-17.5,24.26,952,2022,165.5,52.6,92.2,33.8,,,,,,0.9,,
1269479A,Katima Mulilo ADC,5,-17.49,24.28,955,2020,157.9,,,,,,,,,,,
1269479A,Katima Mulilo ADC,5,-17.49,24.28,955,2022,,45,35,23,0,0,0,0,0,0,,
1269479A,Katima Mulilo ADC,5,-17.49,24.28,955,2023,118,39,0,0,0,0,0,0,0,0,32,87
1269479A,Katima Mulilo ADC,5,-17.49,24.28,955,2024,120,5,30,,,,,,,,,
1269510B,Katima Mulilo_Manual (closed),5,-17.49,24.28,948,2019,,,,,,,0,0,,1.4,43.6,54.6
1269510B,Katima Mulilo_Manual (closed),5,-17.49,24.28,948,2020,158.8,153.1,141.4,0,0,,,,,,22.4,
12698581,Caprivi River Lodge,5,-17.49,24.32,940,2020,,228,135.5,0,,,,,,,,
12698581,Caprivi River Lodge,5,-17.49,24.32,940,2021,275.5,,,,,,,,,,39,115
12698581,Caprivi River Lodge,5,-17.49,24.32,940,2022,318,41,115.6,24.1,0,6.4,0,0,0,4.9,38.5,81
12698581,Caprivi River Lodge,5,-17.49,24.32,940,2023,191.1,106,22.5,0.5,0,,,,,,,
12698581,Caprivi River Lodge,5,-17.49,24.32,940,2024,,,25,,,,,,,,,
