Date,Temp_High (°C),Temp_Low (°C),Humidity (%),Atmospheric_Pressure (hPa),Wind_Speed (km/h),Wind_Direction,Precipitation (mm),Cloud_Cover (%),Storm_Occurrence,Storm_Severity,Visibility (km)
2024-01-01,26,21,76,1003,10,N,3.3,36,0,0,7.5
2024-01-02,23,16,71,1000,10,S,1.6,78,0,0,5.8
2024-01-03,32,24,80,1028,34,NE,0.6,28,0,0,8.5
2024-01-04,34,29,42,998,26,NE,0.2,25,0,0,8.7
2024-01-05,30,25,67,1015,34,S,1.1,1,0,0,9.7
2024-01-06,27,15,49,1005,22,S,0.4,83,0,0,5.8
2024-01-07,32,26,74,994,18,SW,2.5,14,0,0,8.8
2024-01-08,24,12,68,999,14,W,2.5,3,0,0,9.4
2024-01-09,26,15,54,992,18,SE,0.5,85,1,1,5.6
2024-01-10,29,15,72,1002,17,NW,1.4,49,0,0,7.3
2024-01-11,22,8,46,1019,34,S,0.5,37,0,0,8.0
2024-01-12,26,20,51,995,7,E,0.9,22,0,0,8.7
2024-01-13,30,20,88,1006,34,NE,2.5,58,0,0,6.6
2024-01-14,30,20,69,1008,10,S,0.6,89,1,1,5.4
2024-01-15,27,20,60,1024,33,E,1.6,74,1,1,6.0
2024-01-16,24,18,70,1015,12,E,3.4,27,0,0,8.0
2024-01-17,23,18,63,994,16,E,2.5,65,0,0,6.2
2024-01-18,27,17,59,1018,17,SW,1.1,7,0,0,9.4
2024-01-19,27,18,76,1026,15,SW,1.2,28,0,0,8.4
2024-01-20,22,9,43,1009,16,NW,0.1,10,0,0,9.5
2024-01-21,25,20,67,1010,5,NW,0.9,17,0,0,9.0
2024-01-22,24,13,83,999,21,E,4.2,54,0,0,6.5
2024-01-23,21,12,59,994,20,W,1.1,49,0,0,7.3
2024-01-24,27,18,63,1025,15,SW,1.6,13,0,0,9.0
2024-01-25,31,25,89,995,17,SE,0.7,73,0,0,6.2
2024-01-26,33,26,88,1015,22,E,6.5,98,0,0,3.8
2024-01-27,25,14,71,993,15,SE,5.1,8,0,0,8.6
2024-01-28,21,11,80,1028,32,SE,1.6,98,0,0,4.8
2024-01-29,31,25,75,1028,16,E,6.6,10,0,0,8.2
2024-01-30,24,14,73,1024,10,NE,1.6,62,0,0,6.6
2024-01-31,20,14,75,990,13,W,1.1,75,1,1,6.0
2024-02-01,31,25,41,1013,20,E,0.0,66,0,0,6.7
2024-02-02,29,23,54,1025,8,NW,0.7,52,0,0,7.3
2024-02-03,25,18,73,995,7,E,1.4,38,0,0,7.8
2024-02-04,32,26,75,1020,32,SW,1.9,77,1,1,5.8
2024-02-05,31,23,45,1009,20,E,0.2,55,0,0,7.2
2024-02-06,28,15,78,1013,28,NE,4.7,27,0,0,7.7
2024-02-07,20,10,81,1014,31,SW,1.8,74,0,0,5.9
2024-02-08,30,25,51,1025,30,NW,0.2,38,0,0,8.1
2024-02-09,30,18,42,1010,34,N,0.1,24,0,0,8.8
2024-02-10,34,23,84,1019,29,N,2.5,20,0,0,8.5
2024-02-11,29,15,57,1013,16,SE,1.1,9,0,0,9.3
2024-02-12,31,24,79,1019,15,W,5.0,42,0,0,6.9
2024-02-13,31,26,60,1011,9,SE,1.2,14,0,0,9.1
2024-02-14,34,25,54,1017,29,NE,1.1,82,1,2,5.7
2024-02-15,33,25,72,996,22,S,1.6,47,0,0,7.3
2024-02-16,33,19,74,1024,23,NW,2.8,85,1,1,5.2
2024-02-17,34,22,65,1017,27,W,0.3,20,0,0,8.9
2024-02-18,33,28,47,1003,27,NW,0.6,59,0,0,6.9
2024-02-19,22,8,75,999,10,N,1.9,95,0,0,4.9
2024-02-20,31,26,87,1005,26,SE,6.3,49,0,0,6.3
2024-02-21,26,18,69,1005,22,NW,4.1,22,0,0,8.1
2024-02-22,23,11,62,1020,30,N,2.0,12,0,0,9.0
2024-02-23,28,19,81,1014,10,NE,2.0,68,0,0,6.2
2024-02-24,22,16,83,1002,8,NE,2.2,3,0,0,9.4
2024-02-25,24,14,53,995,16,S,0.4,91,1,2,5.4
2024-02-26,22,13,53,998,23,NW,0.8,77,0,0,6.0
2024-02-27,26,20,41,1025,33,S,0.0,71,1,1,6.4
2024-02-28,24,17,76,1009,31,SW,2.1,8,0,0,9.2
2024-02-29,28,15,44,1007,33,W,0.5,34,0,0,8.2
2024-03-01,26,15,77,1010,6,NW,1.7,20,0,0,8.7
2024-03-02,21,10,84,993,21,NE,3.8,57,0,0,6.4
2024-03-03,23,13,80,1022,15,SE,4.3,17,0,0,8.3
2024-03-04,28,16,86,1016,15,N,5.6,96,1,2,4.1
2024-03-05,31,23,53,996,25,E,0.6,71,0,0,6.3
2024-03-06,33,21,78,995,20,S,1.1,80,1,2,5.8
2024-03-07,21,13,64,1004,6,E,0.6,42,0,0,7.8
2024-03-08,29,17,59,1007,6,NW,0.6,94,1,2,5.2
2024-03-09,28,15,41,1021,27,SE,0.0,97,0,0,5.2
2024-03-10,29,22,78,1000,12,S,0.7,5,0,0,9.6
2024-03-11,24,17,45,1009,17,E,0.2,85,1,1,5.7
2024-03-12,21,15,56,1013,14,W,2.2,77,0,0,5.7
2024-03-13,23,9,64,1004,12,SE,3.1,66,0,0,6.1
2024-03-14,31,24,67,996,34,N,0.2,11,0,0,9.4
2024-03-15,34,27,41,1010,8,W,0.3,99,0,0,5.0
2024-03-16,31,22,74,1015,19,SE,5.4,11,0,0,8.4
2024-03-17,26,17,76,1003,34,SW,0.6,65,0,0,6.6
2024-03-18,31,25,44,1026,5,S,0.3,1,0,0,9.9
2024-03-19,32,18,40,1010,15,NE,0.0,14,0,0,9.3
2024-03-20,27,17,79,1007,11,N,1.6,22,0,0,8.6
2024-03-21,34,25,51,994,21,NW,0.2,28,0,0,8.6
2024-03-22,22,12,75,992,31,W,4.3,80,0,0,5.1
2024-03-23,33,28,84,1012,24,W,5.3,95,1,1,4.2
2024-03-24,20,11,62,1015,28,E,1.9,6,0,0,9.3
2024-03-25,23,10,86,1026,22,S,10.4,93,1,1,3.3
2024-03-26,21,7,70,1013,26,NW,1.8,27,0,0,8.3
2024-03-27,27,21,50,1008,33,NE,0.4,13,0,0,9.3
2024-03-28,23,18,49,1014,26,SE,0.3,43,0,0,7.8
2024-03-29,21,7,42,1010,16,NE,0.1,29,0,0,8.5
2024-03-30,33,20,53,1001,13,S,2.0,80,1,2,5.6
2024-03-31,25,11,55,1022,9,S,1.3,31,0,0,8.2
2024-04-01,25,12,49,993,14,SW,0.4,69,0,0,6.5
2024-04-02,29,16,68,996,8,SW,1.1,87,1,1,5.4
2024-04-03,23,13,49,1011,9,NE,1.0,5,0,0,9.6
2024-04-04,25,13,51,1022,32,SE,0.2,26,0,0,8.7
2024-04-05,32,27,69,1006,32,NE,0.7,81,1,1,5.8
2024-04-06,34,20,80,1013,14,S,4.9,87,1,1,4.7
2024-04-07,21,13,40,1023,15,S,0.0,23,0,0,8.8
2024-04-08,29,24,44,1017,25,E,0.1,33,0,0,8.3
2024-04-09,31,19,59,1028,28,SW,1.4,39,0,0,7.8
2024-04-10,21,16,47,1011,14,NW,0.2,46,0,0,7.7
2024-04-11,29,22,82,1006,32,NW,3.0,78,0,0,5.5
2024-04-12,33,25,51,1023,12,NW,0.7,74,0,0,6.2
2024-04-13,23,11,40,995,6,E,0.0,85,1,1,5.8
2024-04-14,33,23,59,995,27,N,0.9,23,0,0,8.7
2024-04-15,34,20,67,1023,12,NW,0.7,64,0,0,6.7
2024-04-16,34,23,82,990,20,S,2.1,17,0,0,8.7
2024-04-17,27,15,76,999,31,E,6.4,43,0,0,6.6
2024-04-18,33,27,86,1010,26,NE,3.1,75,0,0,5.6
2024-04-19,26,12,76,994,9,SW,8.8,56,0,0,5.4
2024-04-20,31,19,51,991,31,SW,0.1,27,0,0,8.6
2024-04-21,28,21,76,1011,29,SE,1.5,70,0,0,6.2
2024-04-22,33,22,88,991,33,NE,4.8,22,0,0,7.9
2024-04-23,27,20,88,999,7,SE,13.8,84,1,1,3.0
2024-04-24,24,13,83,1023,16,E,0.7,33,0,0,8.2
2024-04-25,32,26,67,1005,17,W,1.8,10,0,0,9.1
2024-04-26,21,7,86,1028,17,NW,4.3,85,0,0,4.9
2024-04-27,34,24,54,1011,14,N,2.2,34,0,0,7.9
2024-04-28,24,17,45,1001,8,NE,0.2,92,1,1,5.4
2024-04-29,27,20,83,1013,13,NE,2.3,41,0,0,7.5
2024-04-30,29,16,59,1029,26,NE,0.5,27,0,0,8.6
2024-05-01,28,17,89,1027,28,SE,2.5,81,0,0,5.4
2024-05-02,31,22,53,999,27,E,0.8,77,0,0,6.0
2024-05-03,31,17,41,1024,31,NE,0.1,81,0,0,5.9
2024-05-04,31,20,48,1021,6,W,0.9,91,1,1,5.3
2024-05-05,32,19,76,996,23,NE,0.7,23,0,0,8.7
2024-05-06,28,23,59,1010,5,SW,0.7,7,0,0,9.5
2024-05-07,32,21,65,1009,29,NW,2.1,52,0,0,7.0
2024-05-08,34,24,68,1015,33,N,0.4,71,0,0,6.4
2024-05-09,32,18,40,993,11,NW,0.0,3,0,0,9.8
2024-05-10,20,7,74,1011,21,SW,5.1,90,1,2,4.5
2024-05-11,28,23,45,1004,7,SW,0.5,99,0,0,5.0
2024-05-12,26,18,76,1029,24,N,3.9,4,0,0,9.0
2024-05-13,28,15,44,1010,24,W,0.6,96,1,1,5.1
2024-05-14,27,19,72,1004,25,E,4.7,48,0,0,6.7
2024-05-15,20,6,88,1011,34,SW,4.6,97,0,0,4.2
2024-05-16,31,24,53,1017,7,E,0.3,29,0,0,8.5
2024-05-17,27,14,51,1003,7,SW,0.9,71,1,1,6.3
2024-05-18,27,21,81,1016,21,S,6.2,62,0,0,5.7
2024-05-19,34,26,59,1029,11,N,1.4,46,0,0,7.4
2024-05-20,30,20,89,1017,31,SW,6.0,25,0,0,7.6
2024-05-21,22,16,63,1015,30,S,2.5,56,0,0,6.7
2024-05-22,20,8,82,991,18,NW,5.2,36,0,0,7.2
2024-05-23,27,15,73,1014,21,SE,1.5,97,0,0,4.8
2024-05-24,22,17,64,992,22,S,2.9,6,0,0,9.1
2024-05-25,22,15,89,997,17,NE,1.6,39,0,0,7.7
2024-05-26,20,6,68,1022,24,SW,0.9,91,1,1,5.3
2024-05-27,30,17,78,1024,33,S,1.9,38,0,0,7.7
2024-05-28,24,15,70,995,24,E,3.1,61,0,0,6.3
2024-05-29,29,19,86,1028,25,SE,3.8,91,0,0,4.7
2024-05-30,26,18,82,1012,31,W,3.3,77,0,0,5.5
2024-05-31,29,15,89,1014,22,SW,2.7,52,0,0,6.9
2024-06-01,28,22,62,1008,8,NE,1.5,3,0,0,9.5
2024-06-02,31,19,83,994,5,W,1.2,81,1,1,5.7
2024-06-03,26,16,77,1000,22,S,0.9,24,0,0,8.6
2024-06-04,28,19,59,1001,5,W,1.9,6,0,0,9.3
2024-06-05,27,14,62,999,30,W,0.2,27,0,0,8.6
2024-06-06,31,26,84,997,30,SE,7.1,68,0,0,5.2
2024-06-07,21,12,55,1013,17,NW,1.2,66,0,0,6.5
2024-06-08,20,10,89,1017,24,W,2.3,94,0,0,4.8
2024-06-09,26,17,81,1025,24,W,0.1,19,0,0,9.0
2024-06-10,26,16,47,1026,27,SW,0.2,82,1,1,5.9
2024-06-11,33,23,89,1010,14,NW,2.8,10,0,0,8.9
2024-06-12,27,16,60,997,31,SE,0.2,66,0,0,6.7
2024-06-13,24,16,40,998,15,NE,0.0,86,0,0,5.7
2024-06-14,22,10,47,1004,13,S,1.0,6,0,0,9.5
2024-06-15,31,20,68,1029,13,SE,1.8,22,0,0,8.5
2024-06-16,27,14,71,1007,9,SE,5.1,60,0,0,6.0
2024-06-17,25,14,77,1009,30,N,1.3,70,0,0,6.2
2024-06-18,30,23,44,995,5,SE,0.1,33,0,0,8.3
2024-06-19,22,15,86,1001,21,NW,4.3,18,0,0,8.2
2024-06-20,20,8,61,991,26,N,2.3,57,0,0,6.7
2024-06-21,22,13,86,996,6,S,6.5,8,0,0,8.3
2024-06-22,24,16,73,1005,28,W,5.7,47,0,0,6.5
2024-06-23,34,22,40,992,17,SW,0.0,81,0,0,6.0
2024-06-24,33,23,65,992,13,SW,3.8,40,0,0,7.2
2024-06-25,22,16,82,1016,33,S,13.6,47,1,2,4.9
2024-06-26,20,12,49,1029,8,S,1.1,44,0,0,7.6
2024-06-27,24,16,69,1027,9,NW,1.0,24,0,0,8.6
2024-06-28,29,19,89,1022,15,E,3.2,77,1,1,5.5
2024-06-29,26,16,57,1017,28,W,1.6,24,0,0,8.5
2024-06-30,34,29,56,990,23,S,1.4,18,0,0,8.8
2024-07-01,33,21,65,997,25,SE,1.4,38,0,0,7.8
2024-07-02,26,16,47,1026,7,NW,1.3,78,1,1,5.8
2024-07-03,30,23,86,1021,16,SW,0.6,79,0,0,5.9
2024-07-04,28,15,79,1026,30,NE,2.7,26,0,0,8.2
2024-07-05,34,28,88,993,23,NW,4.3,73,0,0,5.5
2024-07-06,34,22,51,1019,23,SW,0.4,62,0,0,6.8
2024-07-07,29,15,66,995,17,N,3.8,67,0,0,5.9
2024-07-08,29,22,47,1008,32,NW,0.6,18,0,0,9.0
2024-07-09,31,22,64,1021,11,SW,1.8,27,0,0,8.3
2024-07-10,32,22,85,998,19,E,4.7,84,0,0,4.9
2024-07-11,22,8,43,1001,27,NW,0.2,77,0,0,6.1
2024-07-12,34,24,72,1000,11,NW,3.8,32,0,0,7.6
2024-07-13,26,18,40,1005,30,W,0.0,9,0,0,9.6
2024-07-14,20,13,58,990,12,S,0.2,82,1,1,5.9
2024-07-15,23,15,70,1010,9,W,3.8,29,0,0,7.8
2024-07-16,32,27,55,1019,25,NW,1.0,21,0,0,8.8
2024-07-17,23,15,53,1002,18,S,0.5,2,0,0,9.8
2024-07-18,33,28,87,1023,8,SW,3.9,81,0,0,5.2
2024-07-19,24,19,44,993,27,NE,0.3,74,0,0,6.2
2024-07-20,26,12,80,1017,14,NE,1.3,47,0,0,7.4
2024-07-21,26,16,65,1027,24,NW,6.5,1,0,0,8.6
2024-07-22,32,23,67,1020,19,E,5.0,75,1,1,5.2
2024-07-23,34,26,41,1016,22,N,0.0,53,0,0,7.4
2024-07-24,30,23,89,994,24,SW,2.0,5,0,0,9.4
2024-07-25,32,27,45,1014,17,S,0.2,39,0,0,8.0
2024-07-26,23,13,48,992,33,NW,0.4,92,1,1,5.3
2024-07-27,32,26,72,1022,12,SW,3.6,93,0,0,4.6
2024-07-28,26,14,80,993,13,NW,2.9,1,0,0,9.4
2024-07-29,30,16,64,1014,20,E,1.1,72,1,2,6.2
2024-07-30,22,13,87,1009,23,SE,2.8,1,0,0,9.4
2024-07-31,25,14,52,1023,20,SE,0.6,92,1,1,5.3
2024-08-01,31,17,48,1015,11,E,0.3,96,0,0,5.1
2024-08-02,21,15,52,994,18,S,0.3,73,1,1,6.3
2024-08-03,29,17,70,1024,32,W,0.7,97,1,1,5.0
2024-08-04,32,26,80,1017,18,E,3.3,54,0,0,6.6
2024-08-05,33,25,50,1018,29,NW,1.4,71,0,0,6.2
2024-08-06,28,23,43,998,31,S,0.2,59,0,0,7.0
2024-08-07,24,15,73,1027,8,NE,0.3,96,0,0,5.1
2024-08-08,25,12,77,995,30,E,3.0,5,0,0,9.2
2024-08-09,31,26,85,1008,19,S,1.8,18,0,0,8.7
2024-08-10,31,18,43,1000,7,E,0.1,95,0,0,5.2
2024-08-11,31,19,77,991,9,E,0.6,26,0,0,8.6
2024-08-12,31,21,58,998,5,W,0.5,0,0,0,9.9
2024-08-13,23,12,45,1010,7,W,0.1,32,0,0,8.4
2024-08-14,33,26,73,1013,19,NW,0.4,39,0,0,8.0
2024-08-15,33,28,57,1023,28,S,0.5,31,0,0,8.4
2024-08-16,30,21,52,1011,31,S,1.2,68,0,0,6.4
2024-08-17,29,23,80,992,12,N,6.3,16,0,0,7.9
2024-08-18,26,17,62,1001,33,E,0.2,7,0,0,9.6
2024-08-19,31,19,58,1017,8,SE,2.2,56,0,0,6.8
2024-08-20,28,15,84,1019,6,E,2.5,41,0,0,7.4
2024-08-21,26,20,50,1015,33,E,0.2,97,1,1,5.1
2024-08-22,33,26,40,1010,28,S,0.0,8,0,0,9.6
2024-08-23,20,13,63,1017,28,E,2.2,86,0,0,5.3
2024-08-24,20,15,46,1015,14,SW,0.4,34,0,0,8.2
2024-08-25,28,16,64,1022,8,E,0.3,70,0,0,6.4
2024-08-26,30,20,60,1010,7,SW,1.3,78,1,1,5.8
2024-08-27,33,21,54,1024,6,W,1.6,52,0,0,7.1
2024-08-28,28,15,40,1023,29,SE,0.0,53,0,0,7.4
2024-08-29,23,14,51,1007,21,NW,0.5,83,0,0,5.8
2024-08-30,32,25,46,1000,27,S,0.4,24,0,0,8.7
2024-08-31,28,19,54,1012,25,E,0.7,66,0,0,6.6
2024-09-01,22,13,60,1011,28,SW,1.9,61,0,0,6.6
2024-09-02,26,17,58,1006,24,SW,1.8,54,0,0,6.9
2024-09-03,25,18,68,994,27,W,0.2,45,0,0,7.7
2024-09-04,27,13,64,1000,17,SW,2.7,23,0,0,8.3
2024-09-05,30,22,72,1019,9,NW,2.9,97,1,1,4.6
2024-09-06,28,15,88,1004,34,NE,1.9,45,0,0,7.4
2024-09-07,33,19,71,1016,25,N,4.2,21,0,0,8.1
2024-09-08,24,11,88,1024,34,NW,2.4,10,0,0,9.0
2024-09-09,20,14,74,1022,13,SE,1.1,47,0,0,7.4
2024-09-10,22,10,83,1009,29,NW,1.7,7,0,0,9.3
2024-09-11,29,17,77,1005,33,W,2.6,38,0,0,7.6
2024-09-12,31,20,65,1023,29,W,1.2,34,0,0,8.1
2024-09-13,27,15,50,991,32,NW,0.4,48,0,0,7.5
2024-09-14,34,27,74,1024,26,E,1.1,45,0,0,7.5
2024-09-15,30,20,47,1029,10,NE,0.7,37,0,0,8.0
2024-09-16,25,20,85,1017,9,E,4.4,7,0,0,8.8
2024-09-17,27,16,53,1028,29,E,0.1,53,0,0,7.3
2024-09-18,28,23,49,995,14,NW,0.4,36,0,0,8.1
2024-09-19,23,10,41,998,12,S,0.1,90,0,0,5.5
2024-09-20,20,15,85,1009,11,S,2.8,91,1,2,4.9
2024-09-21,33,28,48,990,11,S,0.9,39,0,0,7.9
2024-09-22,20,9,42,997,10,NE,0.3,33,0,0,8.3
2024-09-23,29,23,60,1012,25,E,2.8,95,0,0,4.7
2024-09-24,23,14,65,992,33,N,3.2,78,1,2,5.5
2024-09-25,31,19,47,993,24,SE,0.4,16,0,0,9.1
2024-09-26,33,21,87,1014,7,S,2.1,32,0,0,8.0
2024-09-27,26,19,41,1027,23,S,0.1,46,0,0,7.7
2024-09-28,21,10,45,1004,26,W,0.2,51,0,0,7.4
2024-09-29,22,15,67,1010,19,E,3.5,79,1,1,5.4
2024-09-30,20,10,68,1024,8,E,2.7,92,1,2,4.9
2024-10-01,24,14,65,1003,32,NE,1.7,8,0,0,9.3
2024-10-02,20,13,64,1025,16,NE,0.5,32,0,0,8.3
2024-10-03,27,16,51,1001,10,S,1.1,59,0,0,6.8
2024-10-04,20,13,44,1006,23,E,0.6,92,1,1,5.3
2024-10-05,30,18,73,1028,8,N,1.2,76,1,2,6.0
2024-10-06,20,6,87,998,19,SE,6.2,20,0,0,7.8
2024-10-07,21,13,76,1024,13,NW,3.3,57,0,0,6.5
2024-10-08,21,16,54,1002,9,E,3.8,84,1,1,5.0
2024-10-09,31,23,83,1004,17,W,2.5,68,0,0,6.1
2024-10-10,25,14,75,1007,27,NW,1.4,9,0,0,9.3
2024-10-11,26,18,54,1022,30,E,1.7,5,0,0,9.4
2024-10-12,24,14,82,995,22,SW,1.5,12,0,0,9.1
2024-10-13,20,7,87,1016,34,NE,3.2,64,0,0,6.2
2024-10-14,20,15,62,1012,34,W,1.8,19,0,0,8.7
2024-10-15,22,13,45,1016,9,SE,0.6,56,0,0,7.1
2024-10-16,33,22,85,1023,29,S,6.5,45,0,0,6.4
2024-10-17,21,16,89,1027,20,W,11.2,7,1,2,7.4
2024-10-18,24,16,83,1003,31,E,0.5,9,0,0,9.5
2024-10-19,31,21,82,1025,23,S,9.2,72,1,1,4.6
2024-10-20,29,23,84,997,18,E,0.8,66,0,0,6.5
2024-10-21,25,11,60,1024,29,S,0.5,10,0,0,9.4
2024-10-22,26,17,62,1008,34,SE,2.3,11,0,0,9.0
2024-10-23,23,9,82,1019,20,NE,3.1,9,0,0,8.9
2024-10-24,26,21,55,1003,31,SE,0.4,24,0,0,8.7
2024-10-25,30,20,86,1009,19,SW,4.6,48,0,0,6.7
2024-10-26,27,17,54,1014,26,N,0.8,48,0,0,7.4
2024-10-27,30,22,64,1029,8,NE,0.3,88,1,2,5.5
2024-10-28,20,8,75,1013,11,SE,5.2,10,0,0,8.5
2024-10-29,34,26,50,1003,20,SW,0.3,61,0,0,6.9
2024-10-30,25,13,54,1015,28,N,0.3,35,0,0,8.2
2024-10-31,27,15,43,1027,26,SW,0.2,38,0,0,8.1
2024-11-01,24,15,60,1012,25,E,0.6,52,0,0,7.3
2024-11-02,23,15,52,1011,26,NW,1.2,89,1,2,5.3
2024-11-03,21,15,61,1008,25,E,1.2,77,1,1,5.9
2024-11-04,25,18,58,992,12,S,1.5,55,0,0,7.0
2024-11-05,25,18,73,1008,21,NE,1.2,0,0,0,9.8
2024-11-06,30,22,53,998,20,E,0.9,55,0,0,7.1
2024-11-07,34,26,43,1017,31,W,0.1,3,0,0,9.8
2024-11-08,20,6,87,1009,27,SW,2.4,29,0,0,8.1
2024-11-09,28,19,85,996,14,NE,2.9,11,0,0,8.9
2024-11-10,31,23,66,1003,14,NW,0.3,34,0,0,8.2
2024-11-11,30,16,68,998,31,W,3.8,76,0,0,5.4
2024-11-12,25,13,86,1008,6,E,0.7,51,0,0,7.3
2024-11-13,32,22,67,1003,34,S,0.7,30,0,0,8.4
2024-11-14,22,12,74,1027,13,SE,1.1,86,0,0,5.5
2024-11-15,23,11,47,1025,21,S,0.7,67,0,0,6.5
2024-11-16,31,20,55,1029,15,W,0.6,51,0,0,7.3
2024-11-17,30,16,81,1006,14,N,7.7,79,0,0,4.5
2024-11-18,23,9,75,1019,26,E,6.9,6,0,0,8.3
2024-11-19,22,10,69,998,29,W,2.9,21,0,0,8.4
2024-11-20,29,23,57,1022,21,N,0.6,92,1,2,5.3
2024-11-21,22,9,41,1014,8,N,0.1,74,0,0,6.3
2024-11-22,34,29,88,1003,20,SW,3.3,55,0,0,6.6
2024-11-23,22,10,52,1000,24,NE,1.6,96,0,0,4.9
2024-11-24,23,15,43,1024,19,SW,0.2,57,0,0,7.1
2024-11-25,26,18,65,1003,29,E,0.8,92,1,1,5.2
2024-11-26,23,14,64,1019,31,N,0.5,63,0,0,6.8
2024-11-27,28,16,69,993,25,NW,4.0,11,0,0,8.6
2024-11-28,20,11,50,993,9,W,1.0,6,0,0,9.5
2024-11-29,27,15,46,1017,10,SE,0.3,54,0,0,7.2
2024-11-30,26,12,70,997,21,N,1.5,61,0,0,6.6
2024-12-01,21,16,83,991,5,W,1.1,89,1,1,5.3
2024-12-02,27,13,49,1011,29,NW,2.1,72,1,2,6.0
2024-12-03,20,7,78,1005,23,SE,2.8,97,0,0,4.6
2024-12-04,30,20,52,1018,8,SW,0.2,76,1,2,6.2
2024-12-05,31,24,70,1019,21,SW,0.5,54,0,0,7.2
2024-12-06,28,16,46,1001,13,NE,0.3,35,0,0,8.2
2024-12-07,28,15,88,1024,28,W,1.4,88,0,0,5.3
2024-12-08,21,11,81,1000,6,N,2.6,23,0,0,8.3
2024-12-09,26,15,81,1010,12,S,3.9,43,0,0,7.1
2024-12-10,34,29,75,1010,19,SW,1.0,16,0,0,9.0
2024-12-11,33,24,59,994,11,SW,0.9,1,0,0,9.8
2024-12-12,29,20,43,1009,31,NE,0.1,12,0,0,9.4
2024-12-13,22,8,46,1026,10,SE,1.2,30,0,0,8.3
2024-12-14,26,18,40,992,5,NE,0.0,92,0,0,5.4
2024-12-15,31,21,83,1022,19,NW,4.2,27,0,0,7.8
2024-12-16,29,18,84,998,27,N,3.9,59,0,0,6.3
2024-12-17,28,15,81,998,30,W,1.2,26,0,0,8.5
2024-12-18,23,18,86,993,11,E,3.4,14,0,0,8.6
2024-12-19,31,21,52,1024,33,E,0.9,94,1,1,5.1
2024-12-20,20,9,61,1006,34,W,1.6,78,0,0,5.8
2024-12-21,21,14,60,1023,29,SE,0.7,32,0,0,8.3
2024-12-22,20,8,61,1013,21,NW,0.8,19,0,0,8.9
2024-12-23,33,24,67,1021,6,SW,3.3,41,0,0,7.3
2024-12-24,31,18,48,990,31,SE,0.4,11,0,0,9.4
2024-12-25,24,15,65,997,13,SW,3.1,72,0,0,5.8
2024-12-26,24,11,48,1012,33,SW,0.3,22,0,0,8.8
2024-12-27,30,16,54,1029,13,E,0.5,71,0,0,6.4
2024-12-28,26,18,49,1001,17,SE,0.3,95,1,1,5.2
2024-12-29,28,15,63,1001,10,NW,1.4,13,0,0,9.1
2024-12-30,28,19,81,1004,10,NE,5.3,90,0,0,4.4
2024-12-31,22,8,47,1008,24,SW,0.3,24,0,0,8.7
2025-01-01,22,9,63,1015,24,S,0.8,76,0,0,6.0
2025-01-02,22,15,55,1018,25,S,1.1,84,1,1,5.6
2025-01-03,23,15,88,1011,7,NE,0.8,30,0,0,8.3
2025-01-04,27,14,65,1029,21,S,3.3,53,0,0,6.7
2025-01-05,25,11,66,1010,21,N,1.7,4,0,0,9.5
2025-01-06,27,17,76,1027,16,SW,2.3,12,0,0,8.9
2025-01-07,20,14,43,1009,20,NE,0.4,27,0,0,8.6
2025-01-08,27,16,89,1018,19,SE,8.4,42,0,0,6.2
2025-01-09,23,17,63,993,17,SW,1.3,88,0,0,5.3
2025-01-10,30,24,58,996,27,NE,0.6,98,1,2,5.0
2025-01-11,20,15,75,1017,5,E,1.6,46,0,0,7.4
2025-01-12,27,20,78,1017,21,NW,1.3,70,0,0,6.2
2025-01-13,23,13,49,993,7,SE,0.2,37,0,0,8.1
2025-01-14,25,13,64,1011,30,NW,0.5,95,1,1,5.2
2025-01-15,27,14,57,1001,19,E,0.8,66,0,0,6.5
2025-01-16,23,12,58,992,8,SW,1.8,61,0,0,6.6
2025-01-17,33,25,75,1011,8,SE,2.4,38,0,0,7.6
2025-01-18,22,12,49,991,22,NW,0.8,36,0,0,8.0
2025-01-19,33,24,72,1013,21,S,2.5,85,0,0,5.2
2025-01-20,28,16,89,1023,23,NW,0.6,7,0,0,9.5
2025-01-21,22,17,44,1016,15,NE,0.2,80,0,0,6.0
2025-01-22,28,23,86,990,24,SW,3.0,51,0,0,6.8
2025-01-23,32,22,88,997,7,N,2.8,90,0,0,4.9
2025-01-24,21,7,74,1012,12,NW,1.3,32,0,0,8.1
2025-01-25,33,27,83,1027,18,SE,3.1,80,1,1,5.4
2025-01-26,21,12,73,995,30,SE,4.6,41,0,0,7.0
2025-01-27,21,16,72,1011,5,W,2.9,75,1,1,5.7
2025-01-28,25,14,60,1014,18,NW,2.5,26,0,0,8.2
2025-01-29,22,17,56,1007,6,SW,2.4,7,0,0,9.2
2025-01-30,32,24,61,1006,33,SW,2.5,22,0,0,8.4
2025-01-31,28,15,87,1001,27,E,6.7,63,0,0,5.5
2025-02-01,23,18,76,995,8,W,0.3,92,1,1,5.3
2025-02-02,20,12,54,1015,28,NW,1.0,19,0,0,8.9
2025-02-03,23,13,74,1016,31,S,1.0,15,0,0,9.0
2025-02-04,20,10,67,997,33,E,2.7,16,0,0,8.7
2025-02-05,33,21,46,1008,23,W,0.7,79,1,1,5.9
2025-02-06,24,19,71,990,10,NW,0.9,18,0,0,8.9
2025-02-07,23,12,50,1018,29,NW,1.1,7,0,0,9.4
2025-02-08,27,22,49,1024,5,E,0.6,37,0,0,8.0
2025-02-09,27,16,48,1029,21,S,0.5,37,0,0,8.0
2025-02-10,26,19,53,1003,12,W,1.5,52,0,0,7.1
2025-02-11,22,10,52,1024,23,NW,0.4,92,1,1,5.3
2025-02-12,20,13,64,1009,25,NW,2.7,99,0,0,4.5
2025-02-13,20,15,41,1002,5,W,0.0,89,1,1,5.6
2025-02-14,31,19,74,1027,9,N,2.1,30,0,0,8.1
2025-02-15,30,23,46,997,31,E,0.2,43,0,0,7.8
2025-02-16,22,16,60,1009,20,E,1.5,59,0,0,6.7
2025-02-17,25,20,57,1022,10,SE,1.3,75,0,0,6.0
2025-02-18,26,19,42,1015,12,S,0.1,16,0,0,9.2
2025-02-19,25,19,81,1028,17,NE,1.8,78,1,1,5.7
2025-02-20,33,27,78,1010,20,N,4.0,72,1,1,5.6
2025-02-21,33,23,80,998,34,W,0.4,38,0,0,8.0
2025-02-22,25,20,88,1013,7,W,2.6,41,0,0,7.4
2025-02-23,25,19,50,1026,23,W,1.3,47,0,0,7.4
2025-02-24,32,22,78,1006,16,N,5.5,11,0,0,8.4
2025-02-25,22,15,63,1013,20,NW,1.7,95,1,1,4.9
2025-02-26,25,17,85,1010,31,W,3.3,88,0,0,4.9
2025-02-27,27,22,58,1028,15,W,0.4,17,0,0,9.1
2025-02-28,30,18,43,1028,14,S,0.1,78,1,1,6.1
2025-03-01,30,19,65,1002,29,SW,0.2,95,1,2,5.2
2025-03-02,21,10,77,1000,24,SW,3.0,5,0,0,9.2
2025-03-03,24,17,81,1008,8,SE,8.1,42,0,0,6.3
2025-03-04,33,19,71,1000,16,SE,4.4,34,0,0,7.4
2025-03-05,20,6,78,1002,27,W,0.8,97,0,0,5.0
2025-03-06,31,24,84,990,6,S,1.2,53,0,0,7.1
2025-03-07,34,28,85,1029,28,W,5.9,61,0,0,5.8
2025-03-08,20,15,75,1008,26,SE,2.2,68,0,0,6.2
2025-03-09,24,13,79,1001,23,N,0.8,81,0,0,5.8
2025-03-10,31,20,76,997,29,N,1.2,15,0,0,9.0
2025-03-11,32,26,72,997,9,NW,0.0,7,0,0,9.6
2025-03-12,22,11,75,1001,12,NE,2.4,88,1,2,5.1
2025-03-13,23,11,42,1022,11,SW,0.3,95,1,2,5.2
2025-03-14,22,17,48,1015,18,S,0.6,89,0,0,5.4
2025-03-15,20,7,47,1028,28,E,0.6,85,0,0,5.6
2025-03-16,20,9,72,1017,27,SW,8.0,30,0,0,6.9
2025-03-17,31,24,45,994,7,E,0.1,9,0,0,9.5
2025-03-18,31,19,80,997,22,NE,6.2,55,0,0,6.0
2025-03-19,33,22,78,1014,20,NE,2.2,75,1,1,5.8
2025-03-20,32,20,43,1016,27,W,0.1,91,0,0,5.4
2025-03-21,33,23,52,1012,23,SE,1.0,69,0,0,6.4
2025-03-22,24,11,88,1019,23,NE,1.9,19,0,0,8.7
2025-03-23,25,16,41,1012,22,NE,0.0,4,0,0,9.8
2025-03-24,22,15,44,1009,24,E,0.5,22,0,0,8.8
2025-03-25,31,24,83,1007,20,SE,5.9,8,0,0,8.4
2025-03-26,28,23,66,1007,12,NE,1.8,57,0,0,6.8
2025-03-27,24,12,71,991,32,SW,6.8,58,0,0,5.7
2025-03-28,27,21,60,993,5,NW,0.9,92,0,0,5.2
2025-03-29,32,25,47,1019,21,NE,1.9,79,1,1,5.7
2025-03-30,20,8,77,1022,16,NW,6.3,53,0,0,6.1
2025-03-31,33,21,47,1025,34,SE,1.2,45,0,0,7.5
2025-04-01,24,16,89,1007,25,W,5.4,21,0,0,7.9
2025-04-02,34,26,42,1026,15,S,0.2,63,0,0,6.8
2025-04-03,22,13,83,1008,9,SE,3.5,7,0,0,9.0
2025-04-04,31,21,42,1017,31,E,0.3,19,0,0,9.0
2025-04-05,20,11,61,1029,16,S,3.0,50,0,0,6.9
2025-04-06,23,12,45,1009,21,SW,0.5,77,0,0,6.1
2025-04-07,34,28,41,1022,10,N,0.0,38,0,0,8.1
2025-04-08,32,21,62,1001,5,NW,0.3,36,0,0,8.1
2025-04-09,24,10,83,1004,9,NW,4.8,49,0,0,6.6
2025-04-10,26,15,41,1028,29,NW,0.1,33,0,0,8.3
2025-04-11,20,15,77,991,32,SE,4.3,74,0,0,5.4
2025-04-12,22,11,56,1018,18,NW,2.1,32,0,0,8.0
2025-04-13,21,12,74,999,9,W,0.2,30,0,0,8.5
2025-04-14,28,21,73,991,26,NW,1.4,53,0,0,7.1
2025-04-15,29,22,62,1000,28,E,1.1,43,0,0,7.6
2025-04-16,34,26,69,1002,31,SW,0.6,33,0,0,8.2
2025-04-17,25,19,47,999,5,NW,0.6,70,0,0,6.4
2025-04-18,29,23,61,1003,34,NW,2.3,61,0,0,6.5
2025-04-19,22,17,83,1007,22,S,3.4,22,0,0,8.2
2025-04-20,27,18,75,998,20,SW,0.6,45,0,0,7.6
2025-04-21,33,25,44,1028,13,NW,0.4,55,0,0,7.2
2025-04-22,27,13,52,1017,23,SE,0.6,6,0,0,9.6
2025-04-23,21,15,68,992,26,NE,1.2,88,0,0,5.4
2025-04-24,34,27,70,1009,9,W,4.2,60,0,0,6.2
2025-04-25,25,14,86,995,31,SE,8.9,2,0,0,8.1
2025-04-26,26,15,55,1016,6,N,1.6,37,0,0,7.8
2025-04-27,21,13,81,991,34,SE,1.9,83,1,1,5.5
2025-04-28,34,25,69,1018,19,S,1.6,33,0,0,8.0
2025-04-29,30,21,55,1027,11,S,1.8,43,0,0,7.5
2025-04-30,29,19,51,992,8,NW,0.1,29,0,0,8.5
2025-05-01,21,8,56,1005,5,SE,5.2,16,0,0,8.2
2025-05-02,29,23,55,1019,17,S,1.1,58,0,0,6.9
2025-05-03,20,11,51,1029,24,NE,0.7,9,0,0,9.4
2025-05-04,27,20,47,991,26,SW,0.5,98,1,2,5.0
2025-05-05,20,12,59,1006,11,SE,0.6,83,1,1,5.7
2025-05-06,28,14,42,1001,19,W,0.3,17,0,0,9.1
2025-05-07,30,20,55,1024,27,NE,1.4,44,0,0,7.5
2025-05-08,25,13,69,990,18,NW,0.3,90,1,1,5.4
2025-05-09,26,21,84,1004,27,SW,4.2,58,0,0,6.3
2025-05-10,32,18,62,1015,23,W,2.7,61,0,0,6.4
2025-05-11,29,17,67,1026,26,NW,2.9,58,0,0,6.5
2025-05-12,26,15,79,1010,33,W,3.6,48,0,0,6.9
2025-05-13,29,24,44,1020,28,NW,0.6,99,0,0,4.9
2025-05-14,22,16,59,1014,24,W,0.9,62,0,0,6.7
2025-05-15,21,14,79,1012,33,SW,2.5,86,1,1,5.2
2025-05-16,28,23,83,1013,28,NE,1.1,31,0,0,8.2
2025-05-17,27,14,40,1027,22,W,0.0,9,0,0,9.6
2025-05-18,32,20,69,1017,14,W,0.7,10,0,0,9.4
2025-05-19,31,25,60,1010,13,E,2.1,69,0,0,6.1
2025-05-20,29,16,59,1007,29,SE,0.9,61,0,0,6.8
2025-05-21,26,15,45,1025,12,SW,0.3,46,0,0,7.6
2025-05-22,28,15,61,1024,30,NW,0.1,33,0,0,8.3
2025-05-23,23,13,57,998,34,SW,1.9,99,1,1,4.7
2025-05-24,32,22,47,1027,33,S,1.9,16,0,0,8.8
2025-05-25,23,15,78,1019,14,NW,4.1,53,0,0,6.5
2025-05-26,20,6,71,1023,21,SW,0.1,75,1,1,6.2
2025-05-27,27,13,72,1021,6,NE,2.9,84,0,0,5.2
2025-05-28,33,27,55,992,10,NW,0.3,39,0,0,8.0
2025-05-29,33,22,51,992,30,NW,0.2,18,0,0,9.1
2025-05-30,31,22,77,1017,9,SW,3.9,66,0,0,5.9
2025-05-31,22,12,73,1004,32,NW,3.0,81,1,1,5.4
2025-06-01,26,20,53,1012,34,E,1.5,52,0,0,7.1
2025-06-02,34,25,75,1029,13,SE,3.2,63,0,0,6.2
2025-06-03,31,17,72,1000,9,NW,2.2,82,0,0,5.5
2025-06-04,21,13,62,1021,22,SE,2.5,46,0,0,7.2
2025-06-05,21,8,89,1025,30,SW,0.7,5,0,0,9.6
2025-06-06,26,16,84,1022,24,W,5.9,15,0,0,8.1
2025-06-07,34,28,41,1013,13,N,0.0,71,1,1,6.4
2025-06-08,25,20,80,1028,21,N,3.5,17,0,0,8.5
2025-06-09,22,13,60,1023,31,W,3.3,51,0,0,6.8
2025-06-10,28,15,41,1017,21,W,0.0,47,0,0,7.6
2025-06-11,29,19,66,1026,16,W,3.1,42,0,0,7.3
2025-06-12,34,20,48,996,11,NE,0.9,38,0,0,7.9
2025-06-13,33,22,40,993,31,N,0.0,48,0,0,7.6
2025-06-14,32,23,50,1026,7,W,0.1,11,0,0,9.4
2025-06-15,25,11,42,990,14,NE,0.2,9,0,0,9.5
2025-06-16,29,19,62,990,6,S,1.7,70,0,0,6.2
2025-06-17,29,20,65,1009,29,NW,3.1,54,0,0,6.7
2025-06-18,25,12,43,1008,7,NE,0.1,0,0,0,10.0
2025-06-19,20,10,57,1018,20,N,2.7,48,0,0,7.1
2025-06-20,23,11,45,999,6,SW,0.4,35,0,0,8.2
2025-06-21,29,23,74,1007,32,S,2.1,20,0,0,8.6
2025-06-22,25,12,61,1017,28,N,3.5,36,0,0,7.5
2025-06-23,34,25,82,1024,14,NW,5.7,23,0,0,7.7
2025-06-24,25,14,54,1020,10,NE,1.9,54,0,0,6.9
2025-06-25,30,16,61,1016,26,E,0.7,24,0,0,8.7
2025-06-26,31,26,76,1000,30,SE,3.7,6,0,0,9.0
2025-06-27,24,10,81,1027,15,NW,0.6,80,0,0,5.9
2025-06-28,20,11,51,994,27,N,0.4,92,0,0,5.3
2025-06-29,27,13,86,997,11,W,1.9,93,0,0,5.0
2025-06-30,24,18,88,1023,31,NE,5.5,70,0,0,5.4
2025-07-01,31,21,81,1001,33,W,6.0,96,1,2,4.0
2025-07-02,31,26,77,1027,19,W,2.5,70,0,0,6.0
2025-07-03,31,24,57,990,10,W,0.9,23,0,0,8.7
2025-07-04,24,15,84,1020,24,W,5.4,10,0,0,8.4
2025-07-05,26,18,74,993,31,W,2.5,72,1,1,5.9
2025-07-06,23,16,69,994,13,S,2.2,11,0,0,9.0
2025-07-07,25,11,63,1019,26,N,0.9,34,0,0,8.1
2025-07-08,32,23,81,1013,24,NW,3.1,62,0,0,6.3
2025-07-09,23,11,69,992,16,N,0.8,67,0,0,6.5
2025-07-10,33,25,53,1000,23,NW,0.6,99,1,1,4.9
2025-07-11,34,29,45,993,24,SE,0.9,91,0,0,5.3
2025-07-12,22,11,42,1015,7,NE,0.1,56,0,0,7.2
2025-07-13,26,14,55,1016,19,E,1.7,12,0,0,9.1
2025-07-14,27,20,46,1016,6,S,0.3,22,0,0,8.8
2025-07-15,23,13,53,995,34,NE,2.2,82,1,1,5.5
2025-07-16,32,26,48,1004,25,S,0.5,38,0,0,8.0
2025-07-17,21,10,54,1019,6,NW,2.5,87,1,2,5.2
2025-07-18,31,19,60,1026,26,N,0.7,79,1,1,5.9
2025-07-19,29,19,74,1026,7,W,1.6,96,0,0,4.9
2025-07-20,33,23,41,1026,10,SE,0.1,11,0,0,9.4
2025-07-21,22,13,66,1024,19,SE,1.3,33,0,0,8.1
2025-07-22,20,8,41,1012,31,SW,0.1,70,0,0,6.5
2025-07-23,27,22,74,995,14,E,4.2,74,0,0,5.5
2025-07-24,34,20,57,993,13,SE,1.4,30,0,0,8.2
2025-07-25,22,14,53,1007,5,W,1.4,92,1,1,5.1
2025-07-26,31,23,59,998,20,N,6.3,61,0,0,5.7
2025-07-27,29,22,57,1018,10,E,1.6,12,0,0,9.1
2025-07-28,26,19,49,1002,13,NW,1.1,30,0,0,8.3
2025-07-29,29,21,64,1006,31,NE,0.8,1,0,0,9.8
2025-07-30,24,19,41,1021,8,NW,0.0,14,0,0,9.3
2025-07-31,29,23,64,1011,31,W,0.5,56,0,0,7.1
2025-08-01,24,11,72,993,32,W,2.4,74,1,2,5.8
2025-08-02,33,19,75,994,6,SE,2.5,33,0,0,7.8
2025-08-03,26,20,70,1026,33,E,0.4,67,0,0,6.6
2025-08-04,34,25,53,1002,8,N,1.0,74,1,1,6.1
2025-08-05,28,15,40,1023,5,NW,0.0,28,0,0,8.6
2025-08-06,31,18,85,1011,23,SW,6.2,65,0,0,5.5
2025-08-07,24,12,55,1012,30,NW,0.8,15,0,0,9.1
2025-08-08,20,15,85,992,29,S,5.2,38,0,0,7.1
2025-08-09,29,24,42,1023,14,S,0.2,76,0,0,6.2
2025-08-10,29,16,74,1021,25,N,3.5,36,0,0,7.5
2025-08-11,20,8,80,1010,19,N,1.3,80,0,0,5.7
2025-08-12,34,20,45,1010,31,S,0.3,20,0,0,8.9
2025-08-13,21,8,64,1000,26,SW,3.6,43,0,0,7.1
2025-08-14,33,22,52,1028,23,E,1.5,18,0,0,8.8
2025-08-15,25,18,73,993,20,S,0.5,70,0,0,6.4
2025-08-16,28,21,47,990,25,N,0.8,7,0,0,9.5
2025-08-17,27,21,60,1017,31,SE,0.3,76,1,1,6.1
2025-08-18,32,23,73,1013,28,NE,1.7,65,0,0,6.4
2025-08-19,24,17,43,1024,26,SW,0.3,40,0,0,7.9
2025-08-20,20,10,64,1002,8,W,2.2,74,0,0,5.9
2025-08-21,32,26,54,1023,6,SW,0.2,87,0,0,5.6
2025-08-22,26,19,43,1000,34,SE,0.1,69,0,0,6.5
2025-08-23,34,25,84,1025,29,SE,8.8,60,0,0,5.2
2025-08-24,24,19,51,1006,17,W,0.2,25,0,0,8.7
2025-08-25,25,20,71,1024,32,NW,1.2,70,0,0,6.3
2025-08-26,32,18,71,1007,5,N,0.0,82,0,0,5.9
2025-08-27,26,13,67,1029,21,S,6.1,69,0,0,5.3
2025-08-28,22,11,52,1011,17,NW,0.3,28,0,0,8.5
2025-08-29,31,26,70,1013,8,E,0.9,65,0,0,6.6
2025-08-30,29,17,53,1008,11,SW,0.2,18,0,0,9.1
2025-08-31,22,15,59,1026,21,W,1.1,67,0,0,6.4
2025-09-01,24,12,57,1028,13,SW,0.8,57,0,0,7.0
2025-09-02,25,16,68,1010,8,NW,4.8,69,0,0,5.6
2025-09-03,28,23,45,997,23,SE,0.8,56,0,0,7.0
2025-09-04,32,21,71,1017,5,S,7.4,36,0,0,6.7
2025-09-05,33,24,68,994,14,SW,2.8,60,0,0,6.4
2025-09-06,31,21,82,1006,8,E,1.0,91,0,0,5.3
2025-09-07,24,14,41,1026,13,SE,0.1,29,0,0,8.5
2025-09-08,34,22,62,1025,17,E,0.7,70,0,0,6.4
2025-09-09,20,7,58,1008,18,S,0.3,72,0,0,6.3
2025-09-10,33,27,70,1016,14,SW,6.3,24,0,0,7.5
2025-09-11,33,20,44,1023,10,NE,0.5,96,0,0,5.1
2025-09-12,33,19,58,1000,20,NW,1.9,64,0,0,6.4
2025-09-13,23,10,73,1001,10,SW,0.4,5,0,0,9.7
2025-09-14,24,10,49,1010,21,NW,0.7,17,0,0,9.0
2025-09-15,31,17,64,1000,14,S,1.2,9,0,0,9.3
2025-09-16,29,18,41,1028,22,SW,0.1,91,0,0,5.4
2025-09-17,29,24,50,1017,31,NW,0.1,10,0,0,9.5
2025-09-18,24,13,89,994,26,W,4.9,96,1,1,4.2
2025-09-19,26,12,70,1006,22,NW,0.2,64,0,0,6.8
2025-09-20,23,14,54,1009,7,SW,0.8,76,1,1,6.0
2025-09-21,20,10,48,1001,24,N,0.7,83,1,1,5.7
2025-09-22,33,19,62,995,31,SW,2.6,64,0,0,6.3
2025-09-23,33,22,58,1006,25,SW,1.6,51,0,0,7.1
2025-09-24,24,15,48,1008,29,NW,0.8,66,0,0,6.5
2025-09-25,26,15,74,1015,32,E,3.0,81,0,0,5.4
2025-09-26,29,16,60,1021,19,NE,0.6,77,0,0,6.0
2025-09-27,29,22,48,995,19,E,0.1,30,0,0,8.5
2025-09-28,25,13,67,1025,8,NW,4.0,90,1,1,4.7
2025-09-29,24,18,85,1027,33,E,8.3,16,0,0,7.5
2025-09-30,23,12,46,1000,31,SE,0.3,54,0,0,7.2
2025-10-01,21,15,55,1022,13,N,0.6,92,1,1,5.3
2025-10-02,23,15,55,1013,31,E,0.1,35,0,0,8.2
2025-10-03,34,23,72,1012,30,W,1.4,25,0,0,8.5
2025-10-04,29,22,43,1004,23,S,0.1,52,0,0,7.4
2025-10-05,29,23,43,1016,28,W,0.1,16,0,0,9.2
2025-10-06,22,8,78,1000,32,S,6.0,85,0,0,4.6
2025-10-07,29,18,79,1006,21,SW,4.2,24,0,0,8.0
2025-10-08,20,15,56,1003,15,SE,1.7,1,0,0,9.6
2025-10-09,27,15,76,1016,29,N,2.2,85,0,0,5.3
2025-10-10,24,17,78,1007,13,W,1.1,4,0,0,9.6
2025-10-11,32,26,68,1017,14,N,2.1,3,0,0,9.4
2025-10-12,23,16,75,993,22,W,2.5,35,0,0,7.8
2025-10-13,27,18,77,996,24,SW,0.5,5,0,0,9.6
2025-10-14,26,14,78,1024,17,S,4.1,20,0,0,8.2
2025-10-15,21,7,89,998,12,NE,3.2,76,0,0,5.6
2025-10-16,20,9,76,997,11,SE,2.5,88,0,0,5.1
2025-10-17,31,20,74,1006,21,W,1.3,25,0,0,8.5
2025-10-18,30,19,46,1006,25,W,0.3,54,0,0,7.2
2025-10-19,23,11,66,1022,27,SW,2.8,38,0,0,7.5
2025-10-20,27,22,67,1021,19,SE,5.2,83,0,0,4.8
2025-10-21,31,23,61,997,24,S,4.1,32,0,0,7.6
2025-10-22,21,11,53,1008,19,S,0.6,13,0,0,9.2
2025-10-23,22,9,46,1027,5,W,0.4,55,0,0,7.2
2025-10-24,31,25,76,992,29,NE,5.1,99,0,0,4.0
2025-10-25,20,15,61,994,18,NE,0.7,80,0,0,5.9
2025-10-26,20,6,44,1002,9,N,0.1,20,0,0,9.0
2025-10-27,32,26,41,1020,15,SE,0.1,45,0,0,7.7
2025-10-28,22,11,66,1005,20,SE,2.4,15,0,0,8.8
2025-10-29,30,23,60,1021,6,S,1.4,15,0,0,9.0
2025-10-30,24,10,77,1011,12,N,1.7,83,1,1,5.5
2025-10-31,31,25,54,1018,15,SW,1.3,28,0,0,8.3
2025-11-01,22,11,60,1011,33,SE,1.0,91,1,1,5.3
2025-11-02,20,14,49,992,22,N,0.6,7,0,0,9.5
2025-11-03,20,13,62,999,7,N,1.3,87,1,2,5.4
2025-11-04,27,16,78,1010,34,W,3.1,2,0,0,9.3
2025-11-05,29,21,44,1005,30,S,0.2,88,1,2,5.6
2025-11-06,30,25,40,1001,5,N,0.0,18,0,0,9.1
2025-11-07,31,22,52,991,15,NW,0.1,96,0,0,5.2
2025-11-08,32,19,60,1013,20,NE,0.6,65,0,0,6.6
2025-11-09,32,20,65,1024,22,NW,2.6,78,0,0,5.6
2025-11-10,31,18,89,1019,34,NE,2.6,85,0,0,5.2
2025-11-11,34,20,84,1019,20,E,2.2,73,0,0,5.9
2025-11-12,33,20,60,1024,27,S,2.6,81,1,1,5.4
2025-11-13,21,10,57,1008,14,W,2.7,21,0,0,8.4
2025-11-14,32,24,76,997,22,SW,4.2,45,0,0,6.9
2025-11-15,22,13,84,1015,10,NW,2.7,90,0,0,5.0
2025-11-16,21,16,71,1029,23,NW,1.5,12,0,0,9.1
2025-11-17,22,17,75,996,8,E,1.4,32,0,0,8.1
2025-11-18,26,19,56,1019,31,NE,1.3,4,0,0,9.5
2025-11-19,20,8,74,996,17,W,1.0,89,1,1,5.4
2025-11-20,29,23,88,992,28,E,5.9,76,1,1,5.0
2025-11-21,27,19,50,990,18,S,1.0,26,0,0,8.5
2025-11-22,32,26,60,1025,7,W,1.0,77,1,1,6.0
2025-11-23,29,20,65,1014,14,S,1.3,23,0,0,8.6
2025-11-24,29,16,43,1026,10,N,0.1,66,0,0,6.7
2025-11-25,29,24,73,990,5,SE,1.8,62,0,0,6.5
2025-11-26,33,24,87,1004,27,N,3.3,93,1,1,4.7
2025-11-27,21,8,57,1026,28,S,1.3,98,0,0,4.8
2025-11-28,22,17,79,1002,31,NW,7.0,47,0,0,6.2
2025-11-29,28,15,74,1029,18,W,2.4,62,0,0,6.4
2025-11-30,26,14,80,997,12,NE,1.8,77,1,1,5.8
2025-12-01,23,15,68,994,23,SW,4.6,11,0,0,8.5
2025-12-02,29,15,68,998,18,NE,1.8,27,0,0,8.3
2025-12-03,24,15,77,990,14,W,0.1,43,0,0,7.8
2025-12-04,21,12,81,1025,21,N,7.7,92,1,1,3.9
2025-12-05,32,22,60,1024,13,SW,0.6,42,0,0,7.8
2025-12-06,30,19,81,991,33,W,3.7,16,0,0,8.5
2025-12-07,32,20,52,1029,10,S,0.7,39,0,0,7.9
2025-12-08,27,15,88,1012,15,NW,3.1,48,0,0,7.0
2025-12-09,23,17,80,998,29,NE,1.4,84,0,0,5.5
2025-12-10,28,15,56,1023,11,S,0.4,56,0,0,7.1
2025-12-11,24,13,48,1003,21,SW,1.0,86,0,0,5.5
2025-12-12,32,24,80,993,32,SW,2.7,83,1,2,5.3
2025-12-13,28,20,40,1019,32,NE,0.0,63,0,0,6.8
2025-12-14,23,11,41,1020,5,S,0.1,74,1,1,6.3
2025-12-15,29,21,87,1027,26,E,6.3,56,0,0,5.9
2025-12-16,24,14,68,1000,9,S,0.9,97,0,0,5.0
2025-12-17,28,19,72,1024,13,SW,5.3,73,0,0,5.3
2025-12-18,27,20,49,997,22,S,0.7,73,0,0,6.2
2025-12-19,22,8,89,992,28,NW,2.4,69,0,0,6.1
2025-12-20,20,14,79,1003,31,W,1.6,99,0,0,4.7
2025-12-21,22,9,60,1002,25,N,0.8,87,0,0,5.5
2025-12-22,23,9,67,1021,6,NW,1.0,75,1,2,6.1
2025-12-23,21,8,50,1023,33,E,1.1,42,0,0,7.7
2025-12-24,20,15,73,1008,30,SE,0.8,22,0,0,8.7
2025-12-25,26,12,47,1027,15,W,0.4,26,0,0,8.6
2025-12-26,27,20,61,1005,31,N,1.6,57,0,0,6.8
2025-12-27,26,14,47,991,32,SE,0.2,36,0,0,8.2
2025-12-28,33,23,88,1029,10,NE,0.9,5,0,0,9.6
2025-12-29,24,15,54,1006,30,SE,0.1,64,0,0,6.8
2025-12-30,31,22,56,1023,12,W,1.2,5,0,0,9.5
2025-12-31,20,10,62,1005,8,S,0.3,49,0,0,7.5
2026-01-01,26,15,63,1027,22,W,4.7,21,0,0,8.0
2026-01-02,32,27,84,991,32,NW,3.9,87,0,0,4.9
2026-01-03,26,13,58,991,15,SE,0.8,24,0,0,8.6
2026-01-04,28,21,44,1015,9,SW,0.2,78,1,1,6.1
2026-01-05,22,14,71,1002,19,N,2.3,89,0,0,5.1
2026-01-06,28,14,83,1020,32,N,2.1,71,0,0,6.0
2026-01-07,33,28,40,1023,22,SE,0.0,50,0,0,7.5
2026-01-08,20,6,62,1028,6,N,0.3,87,1,1,5.6
2026-01-09,20,13,76,992,26,SW,4.5,47,0,0,6.8
2026-01-10,33,27,47,997,15,W,0.3,69,0,0,6.5
2026-01-11,23,17,52,1012,30,N,0.8,98,0,0,4.9
2026-01-12,28,23,47,1003,29,SE,0.8,64,0,0,6.6
2026-01-13,25,13,62,1016,17,E,0.9,59,0,0,6.9
2026-01-14,32,25,82,1018,8,E,0.4,45,0,0,7.7
2026-01-15,30,23,40,1028,26,NE,0.0,35,0,0,8.2
2026-01-16,22,12,84,1028,11,NW,3.4,57,0,0,6.5
2026-01-17,20,8,63,990,33,N,0.7,75,1,1,6.1
2026-01-18,23,10,74,1006,15,NW,0.7,37,0,0,8.0
2026-01-19,31,18,63,1019,26,W,2.8,10,0,0,8.9
2026-01-20,32,24,56,1002,28,SE,1.4,11,0,0,9.2
2026-01-21,28,19,44,1010,8,N,0.2,41,0,0,7.9
2026-01-22,22,16,59,1008,32,S,0.4,38,0,0,8.0
2026-01-23,31,18,60,1008,19,SW,2.0,70,0,0,6.1
2026-01-24,28,16,79,1014,5,N,2.0,10,0,0,9.1
2026-01-25,26,19,70,1011,27,N,0.8,35,0,0,8.1
2026-01-26,31,18,85,1020,7,NW,4.2,51,0,0,6.6
2026-01-27,33,26,75,1006,18,NW,2.0,30,0,0,8.1
2026-01-28,34,21,50,1012,10,E,0.8,32,0,0,8.2
2026-01-29,23,17,54,1021,22,SW,1.3,12,0,0,9.1
2026-01-30,22,8,58,999,29,SE,0.2,17,0,0,9.1
2026-01-31,29,16,46,999,5,N,0.2,40,0,0,8.0
2026-02-01,34,22,67,1025,10,E,3.1,57,0,0,6.5
2026-02-02,24,11,82,997,10,NW,3.7,55,0,0,6.5
2026-02-03,24,15,44,1009,25,NE,0.5,23,0,0,8.8
2026-02-04,22,16,44,1021,20,SW,0.1,72,1,2,6.4
2026-02-05,31,19,69,1003,33,E,1.7,30,0,0,8.2
2026-02-06,28,18,71,1017,9,E,1.9,54,0,0,6.9
2026-02-07,23,11,47,1013,21,W,0.6,9,0,0,9.4
2026-02-08,30,21,49,1004,14,E,0.7,59,0,0,6.9
2026-02-09,24,10,77,1011,32,W,4.0,1,0,0,9.1
2026-02-10,23,17,86,1019,25,N,2.7,14,0,0,8.8
2026-02-11,24,14,71,993,22,N,3.1,2,0,0,9.3
2026-02-12,26,17,87,1002,11,NW,5.3,42,0,0,6.8
2026-02-13,28,19,67,1012,7,NE,1.6,30,0,0,8.2
2026-02-14,26,21,56,997,17,S,0.7,69,0,0,6.4
2026-02-15,32,26,70,1007,19,S,2.0,66,0,0,6.3
2026-02-16,24,12,47,1001,24,S,0.6,55,0,0,7.1
2026-02-17,29,22,79,1020,23,NW,13.2,62,0,0,4.3
2026-02-18,29,15,64,1003,7,W,1.6,74,1,1,6.0
2026-02-19,26,19,48,1023,8,NW,0.3,14,0,0,9.2
2026-02-20,33,21,41,1007,9,SW,0.0,91,1,1,5.4
2026-02-21,34,22,54,1023,5,SW,1.6,9,0,0,9.2
2026-02-22,29,23,89,1000,8,NE,0.9,37,0,0,8.0
2026-02-23,24,12,42,1001,16,SW,0.6,46,0,0,7.6
2026-02-24,22,17,88,1004,32,S,4.1,56,0,0,6.4
2026-02-25,26,16,75,1020,31,S,7.1,49,0,0,6.1
2026-02-26,32,20,43,1018,28,NW,0.3,70,0,0,6.4
2026-02-27,30,23,53,1015,14,E,0.7,14,0,0,9.2
2026-02-28,30,18,80,1007,27,SW,3.3,17,0,0,8.5
2026-03-01,21,16,80,1021,29,NW,1.1,81,0,0,5.7
2026-03-02,34,21,64,1011,25,N,1.3,87,0,0,5.4
2026-03-03,31,18,89,1027,33,N,4.2,1,0,0,9.1
2026-03-04,28,19,49,1006,30,E,0.1,83,1,2,5.8
2026-03-05,29,15,60,1012,24,E,1.0,97,1,1,5.0
2026-03-06,29,21,75,1013,28,E,3.8,42,0,0,7.1
2026-03-07,31,21,51,997,29,NW,0.9,25,0,0,8.6
2026-03-08,20,9,66,995,17,N,0.6,70,0,0,6.4
2026-03-09,32,23,79,994,27,S,5.5,37,0,0,7.0
2026-03-10,25,11,41,1018,18,E,0.1,93,1,1,5.3
2026-03-11,26,13,52,1017,27,NE,0.4,41,0,0,7.9
2026-03-12,33,26,71,1000,9,W,0.4,4,0,0,9.7
2026-03-13,32,21,70,990,8,NW,3.8,10,0,0,8.7
2026-03-14,27,13,55,1008,18,E,2.1,64,0,0,6.4
2026-03-15,29,15,71,998,14,W,3.1,33,0,0,7.7
2026-03-16,28,19,71,1016,21,SE,1.9,0,0,0,9.6
2026-03-17,21,10,73,1023,14,E,2.6,82,0,0,5.4
2026-03-18,30,24,50,993,30,N,1.0,1,0,0,9.8
2026-03-19,29,21,49,1025,11,SW,0.4,84,1,1,5.7
2026-03-20,21,15,54,1007,20,E,0.6,19,0,0,8.9
2026-03-21,24,13,56,1004,5,NW,1.2,60,0,0,6.8
2026-03-22,32,26,79,1002,21,SW,1.5,86,0,0,5.4
2026-03-23,24,19,57,1008,25,SE,0.7,20,0,0,8.9
2026-03-24,25,12,48,995,33,NE,0.6,87,0,0,5.5
2026-03-25,22,17,64,1001,13,SW,3.0,67,0,0,6.1
2026-03-26,27,15,79,1026,10,W,4.8,11,0,0,8.5
2026-03-27,32,26,53,1006,23,S,0.9,21,0,0,8.8
2026-03-28,20,8,64,1012,17,E,1.4,19,0,0,8.8
2026-03-29,25,18,89,1015,7,SE,7.6,81,1,1,4.4
2026-03-30,23,13,61,1018,11,SE,2.0,0,0,0,9.6
2026-03-31,20,13,69,1022,26,SW,0.6,29,0,0,8.4
2026-04-01,34,23,59,1016,13,NE,0.5,96,1,2,5.1
2026-04-02,26,12,60,1014,26,N,2.0,23,0,0,8.4
2026-04-03,28,15,83,999,9,E,5.1,13,0,0,8.3
2026-04-04,32,26,71,1012,14,SE,0.3,35,0,0,8.2
2026-04-05,23,14,85,1010,27,NE,2.6,68,0,0,6.1
2026-04-06,23,13,88,1010,21,S,1.4,74,0,0,6.0
2026-04-07,25,17,60,1002,16,SE,1.5,23,0,0,8.5
2026-04-08,31,23,74,1026,27,NE,5.1,59,0,0,6.0
2026-04-09,34,26,71,1022,20,NW,0.6,94,1,1,5.2
2026-04-10,22,16,69,1013,7,N,1.1,54,0,0,7.1
2026-04-11,32,24,78,1000,34,N,2.1,76,0,0,5.8
2026-04-12,31,26,88,1006,29,SE,1.0,79,1,2,5.9
2026-04-13,25,15,51,993,26,W,0.1,23,0,0,8.8
2026-04-14,26,21,80,1014,13,SE,1.2,76,0,0,6.0
2026-04-15,30,16,86,1019,33,SW,10.4,23,1,2,6.8
2026-04-16,29,19,57,998,19,E,0.9,53,0,0,7.2
2026-04-17,29,24,60,1010,9,NE,1.0,25,0,0,8.6
2026-04-18,22,12,52,1009,27,SE,1.2,65,0,0,6.5
2026-04-19,26,12,60,1008,17,E,1.1,79,0,0,5.8
2026-04-20,33,21,47,1008,18,SW,1.1,37,0,0,7.9
2026-04-21,22,16,85,1001,24,NW,3.3,64,0,0,6.1
2026-04-22,32,26,79,1026,19,NW,1.3,74,1,1,6.0
2026-04-23,32,24,85,1006,20,E,4.7,50,0,0,6.6
2026-04-24,21,14,46,1026,27,SE,0.1,34,0,0,8.3
2026-04-25,31,23,62,1028,17,N,1.0,42,0,0,7.7
2026-04-26,33,22,83,1017,21,NE,1.2,28,0,0,8.4
2026-04-27,29,24,71,1024,27,NE,0.7,36,0,0,8.1
2026-04-28,23,13,50,1007,12,NW,1.4,80,0,0,5.7
2026-04-29,31,24,61,1003,25,NW,2.5,57,0,0,6.6
2026-04-30,27,13,61,1024,6,N,1.6,53,0,0,7.0
2026-05-01,32,21,82,996,9,W,8.5,38,0,0,6.4
2026-05-02,34,20,64,1002,10,SE,0.8,41,0,0,7.8
2026-05-03,28,22,61,1007,16,NW,2.2,27,0,0,8.2
2026-05-04,26,20,67,1026,22,NW,4.3,28,0,0,7.7
2026-05-05,20,12,68,1002,34,NW,2.0,42,0,0,7.5
2026-05-06,22,17,52,1025,26,NE,0.7,2,0,0,9.8
2026-05-07,32,25,57,1020,26,SE,0.7,9,0,0,9.4
2026-05-08,31,18,41,991,5,SW,0.1,58,0,0,7.1
2026-05-09,33,22,68,1005,34,SE,0.5,13,0,0,9.2
2026-05-10,28,17,60,998,21,E,0.2,75,1,1,6.2
2026-05-11,34,26,54,998,34,N,1.3,46,0,0,7.4
2026-05-12,31,25,66,1027,15,W,0.8,41,0,0,7.8
2026-05-13,20,12,89,1000,14,NW,1.6,93,0,0,5.0
2026-05-14,28,18,70,1011,23,NW,0.8,31,0,0,8.3
2026-05-15,27,20,54,1022,18,SE,1.1,31,0,0,8.2
2026-05-16,20,15,62,1025,30,W,1.5,41,0,0,7.6
2026-05-17,25,13,63,1012,14,NW,0.6,31,0,0,8.3
2026-05-18,24,15,83,1023,19,W,2.9,25,0,0,8.2
2026-05-19,25,16,52,998,32,SW,0.9,0,0,0,9.8
2026-05-20,29,21,61,1013,23,S,1.1,55,0,0,7.0
2026-05-21,31,21,82,997,8,N,5.2,1,0,0,8.9
2026-05-22,32,25,76,996,6,W,2.0,80,0,0,5.6
2026-05-23,32,19,72,1025,13,NE,2.7,29,0,0,8.0
2026-05-24,32,23,42,1007,14,E,0.1,70,0,0,6.5
2026-05-25,34,27,58,992,32,NE,1.3,51,0,0,7.2
2026-05-26,24,19,62,1017,15,NW,1.2,90,0,0,5.3
2026-05-27,25,11,68,995,18,SW,0.7,8,0,0,9.5
2026-05-28,24,14,69,1010,11,SW,1.3,21,0,0,8.7
2026-05-29,30,24,78,1017,27,NE,4.9,33,0,0,7.4
2026-05-30,31,24,83,1029,19,N,6.6,48,0,0,6.3
2026-05-31,24,19,86,990,26,NE,3.9,0,0,0,9.2
2026-06-01,23,10,64,1025,23,SE,1.8,72,1,2,6.0
2026-06-02,22,10,76,1010,26,NW,0.6,83,0,0,5.7
2026-06-03,22,16,86,1024,19,NW,3.4,52,0,0,6.7
2026-06-04,23,11,47,1002,34,NE,0.2,82,0,0,5.9
2026-06-05,28,15,81,999,32,E,1.9,99,0,0,4.7
2026-06-06,21,16,55,999,28,E,1.1,39,0,0,7.8
2026-06-07,34,25,47,1002,12,NW,0.3,44,0,0,7.7
2026-06-08,28,16,40,1026,15,S,0.0,67,0,0,6.6
2026-06-09,20,14,83,1027,33,E,1.9,8,0,0,9.2
2026-06-10,33,25,44,1013,13,NE,0.3,21,0,0,8.9
2026-06-11,34,23,42,991,19,E,0.4,17,0,0,9.1
2026-06-12,34,27,40,1011,5,NW,0.0,75,0,0,6.2
2026-06-13,20,11,43,1006,34,N,0.1,42,0,0,7.9
2026-06-14,24,12,79,1025,5,W,7.3,38,0,0,6.6
2026-06-15,25,11,74,1003,23,E,3.7,72,1,1,5.7
2026-06-16,25,18,71,999,7,SE,1.1,5,0,0,9.5
2026-06-17,22,14,81,1024,14,N,1.4,82,0,0,5.6
2026-06-18,26,13,73,1014,12,S,3.7,47,0,0,6.9
2026-06-19,28,17,82,992,19,SE,2.8,6,0,0,9.1
2026-06-20,30,25,64,1027,14,NE,0.5,79,0,0,6.0
2026-06-21,31,23,49,1006,5,W,0.5,68,0,0,6.5
2026-06-22,29,21,60,1001,33,NE,0.8,15,0,0,9.1
2026-06-23,27,14,85,1013,22,W,1.3,0,0,0,9.7
2026-06-24,25,15,78,1018,6,W,2.0,36,0,0,7.8
2026-06-25,31,18,66,1014,23,NE,1.6,82,0,0,5.6
2026-06-26,27,17,66,1025,17,SE,4.4,36,0,0,7.3
2026-06-27,31,21,41,1015,26,SE,0.1,80,0,0,6.0
2026-06-28,24,15,80,1027,5,W,2.3,63,0,0,6.4
2026-06-29,27,18,87,990,6,SE,0.4,89,1,2,5.5
2026-06-30,29,23,52,1009,33,W,0.4,85,0,0,5.7
2026-07-01,31,19,48,1017,20,NW,0.5,61,0,0,6.8
2026-07-02,23,11,75,1005,19,W,0.6,71,1,1,6.3
2026-07-03,29,24,61,1006,17,NW,1.0,60,0,0,6.8
2026-07-04,27,15,81,1029,20,N,3.8,32,0,0,7.6
2026-07-05,29,20,65,1017,21,SW,2.2,65,0,0,6.3
2026-07-06,31,25,51,1001,25,N,0.4,29,0,0,8.5
2026-07-07,21,15,56,1016,33,NE,0.9,19,0,0,8.9
2026-07-08,31,21,53,1019,33,SW,0.7,59,0,0,6.9
2026-07-09,31,18,53,1023,11,E,1.8,81,1,1,5.6
2026-07-10,24,19,73,1026,28,NE,2.8,73,0,0,5.8
2026-07-11,28,18,59,995,30,S,0.6,23,0,0,8.7
2026-07-12,23,10,50,996,21,N,0.6,3,0,0,9.7
2026-07-13,30,18,55,1021,11,SE,1.1,36,0,0,8.0
2026-07-14,25,15,70,1021,17,N,2.4,3,0,0,9.4
2026-07-15,34,27,45,1014,9,SE,0.2,76,1,1,6.2
2026-07-16,20,8,58,1022,30,SW,1.9,88,1,1,5.2
2026-07-17,28,15,76,996,21,S,1.5,76,1,1,5.9
2026-07-18,20,15,43,1001,7,SW,0.4,17,0,0,9.1
2026-07-19,24,11,86,1005,11,S,3.6,87,1,2,4.9
2026-07-20,23,13,43,1005,30,N,0.2,65,0,0,6.7
2026-07-21,32,22,59,1025,21,SE,2.3,47,0,0,7.2
2026-07-22,31,23,49,1002,11,SW,0.2,32,0,0,8.4
2026-07-23,32,27,63,996,25,S,3.2,57,0,0,6.5
2026-07-24,32,18,74,1025,5,W,4.1,82,0,0,5.1
2026-07-25,33,21,65,998,21,NE,2.5,72,1,1,5.9
2026-07-26,22,16,76,1021,34,NE,1.3,27,0,0,8.4
2026-07-27,32,27,77,1000,21,SW,4.0,34,0,0,7.5
2026-07-28,25,19,60,997,15,SE,2.9,9,0,0,9.0
2026-07-29,21,16,79,1022,29,W,2.8,64,0,0,6.2
2026-07-30,22,17,78,1012,31,SW,3.0,41,0,0,7.4
2026-07-31,24,11,60,1014,33,N,0.8,84,0,0,5.6
2026-08-01,34,29,49,997,7,S,0.7,8,0,0,9.5
2026-08-02,28,20,77,1011,19,NW,1.1,59,0,0,6.8
2026-08-03,21,7,85,993,33,N,4.7,14,0,0,8.4
2026-08-04,29,19,43,1029,25,NE,0.3,98,0,0,5.0
2026-08-05,27,16,84,992,15,S,1.8,56,0,0,6.8
2026-08-06,33,27,59,1018,30,SW,2.2,68,0,0,6.2
2026-08-07,21,11,56,1018,32,N,1.0,21,0,0,8.8
2026-08-08,30,19,46,1023,20,E,0.4,63,0,0,6.8
2026-08-09,32,18,43,1023,29,NW,0.2,40,0,0,8.0
2026-08-10,24,10,68,1017,26,SE,1.7,86,1,2,5.4
2026-08-11,26,20,53,1002,32,W,0.5,70,0,0,6.4
2026-08-12,27,21,42,1004,13,W,0.2,55,0,0,7.2
2026-08-13,20,6,63,1012,28,SE,2.5,22,0,0,8.4
2026-08-14,25,14,76,1015,28,E,3.7,24,0,0,8.1
2026-08-15,20,15,55,993,5,NE,0.4,90,0,0,5.4
2026-08-16,21,9,43,1015,33,S,0.2,5,0,0,9.7
2026-08-17,34,27,63,1029,29,SE,0.8,33,0,0,8.2
2026-08-18,20,10,73,998,26,E,2.5,62,0,0,6.4
2026-08-19,30,17,69,994,20,SW,0.5,8,0,0,9.5
2026-08-20,24,14,57,1021,13,NW,0.3,59,0,0,7.0
2026-08-21,29,16,58,1009,23,W,0.7,48,0,0,7.5
2026-08-22,34,23,70,1000,16,NW,4.3,96,1,1,4.3
2026-08-23,28,15,58,1004,23,E,1.3,50,0,0,7.2
2026-08-24,25,19,88,1021,26,NW,1.8,59,0,0,6.7
2026-08-25,30,18,85,1017,13,NE,4.0,69,0,0,5.7
2026-08-26,30,18,58,1011,11,NE,1.4,36,0,0,7.9
2026-08-27,20,14,61,1006,18,N,3.2,30,0,0,7.9
2026-08-28,32,24,63,1015,33,SE,1.8,97,0,0,4.8
2026-08-29,20,9,84,996,23,N,2.3,40,0,0,7.5
2026-08-30,21,13,51,1015,23,NW,1.2,61,0,0,6.7
2026-08-31,28,20,69,1014,6,W,0.8,92,0,0,5.2
2026-09-01,22,12,77,999,13,E,2.0,57,0,0,6.8
2026-09-02,34,20,70,1008,17,S,1.3,13,0,0,9.1
2026-09-03,20,10,75,1000,19,NW,1.1,35,0,0,8.0
2026-09-04,24,10,58,1002,7,S,0.7,35,0,0,8.1
2026-09-05,26,19,87,997,15,NE,2.4,78,1,2,5.6
2026-09-06,25,12,84,1029,25,S,3.4,7,0,0,9.0
2026-09-07,31,17,75,993,18,S,0.3,25,0,0,8.7
2026-09-08,20,14,69,1020,34,W,1.8,35,0,0,7.9
2026-09-09,24,14,88,1017,29,S,3.6,47,0,0,6.9
2026-09-10,34,23,72,1000,12,NW,3.7,84,0,0,5.1
2026-09-11,24,11,57,990,22,E,0.5,27,0,0,8.6
2026-09-12,25,18,88,1027,23,S,4.8,67,0,0,5.7
2026-09-13,22,8,67,1013,20,SW,1.1,61,0,0,6.7
2026-09-14,24,17,86,1020,6,S,1.4,79,0,0,5.8
2026-09-15,26,15,50,1015,12,S,0.5,85,1,2,5.6
2026-09-16,24,16,84,994,26,N,2.2,75,1,2,5.8
2026-09-17,24,12,72,1009,10,E,1.0,79,0,0,5.9
2026-09-18,24,13,56,1000,16,NW,2.3,50,0,0,7.0
2026-09-19,29,20,45,1022,19,NE,0.3,41,0,0,7.9
2026-09-20,29,18,43,1027,29,N,0.4,28,0,0,8.5
2026-09-21,22,15,59,1016,12,NW,1.5,81,0,0,5.6
2026-09-22,20,14,87,1023,8,SE,9.6,9,0,0,7.6
2026-09-23,24,14,86,1004,19,E,6.5,38,0,0,6.8
2026-09-24,33,27,66,1021,32,SW,1.3,81,1,2,5.7
2026-09-25,28,21,54,1010,24,E,0.6,0,0,0,9.9
2026-09-26,33,23,45,994,29,SE,0.4,38,0,0,8.0
